poam_id,finding_ref_id,egp_id,asset,severity,estate
EGP-BD8368985C,K8S-c-0013-prod-cluster,EGP-BD8368985C,prod-cluster,critical,DEMO: NOT A CLIENT
EGP-D8920D895C,VULN-cve-2021-44228-https-app-corp-local,EGP-D8920D895C,https://app.corp.local,critical,DEMO: NOT A CLIENT
EGP-A3038CD302,ID-dcsync-svc-sqlcorp-local-corp-local,EGP-A3038CD302,SVC-SQL@CORP.LOCAL|CORP.LOCAL,critical,DEMO: NOT A CLIENT
EGP-AAC630CCE4,ID-genericall-helpdeskcorp-local-domain-adminscorp-local,EGP-AAC630CCE4,HELPDESK@CORP.LOCAL|DOMAIN ADMINS@CORP.LOCAL,critical,DEMO: NOT A CLIENT
EGP-F18CA5E082,ID-entra-ga-without-pim-gacontoso-onmicrosoft-com,EGP-F18CA5E082,ga@contoso.onmicrosoft.com,critical,DEMO: NOT A CLIENT
EGP-420F81AA88,CODE-generic-api-key-services-payments-config-py,EGP-420F81AA88,services/payments/config.py,critical,DEMO: NOT A CLIENT
EGP-5FE9037635,CODE-generic-secret-deploy-env-sample,EGP-5FE9037635,deploy/.env.sample,critical,DEMO: NOT A CLIENT
EGP-AB11671FFA,CLD-iam-user-administrator-access-123456789012-iam-admin-breakglass,EGP-AB11671FFA,iam-admin-breakglass,critical,DEMO: NOT A CLIENT
EGP-BB7125EC27,K8S-launch-privileged-container-prod-cluster,EGP-BB7125EC27,prod-cluster|payments-worker,critical,DEMO: NOT A CLIENT
EGP-03DE2375BD,SAAS-admins-mfa,EGP-03DE2375BD,example.okta.com,critical,DEMO: NOT A CLIENT
EGP-0AF7CB2826,SAAS-mfa-gap-adminexample-com,EGP-0AF7CB2826,admin@example.com|example.com,critical,DEMO: NOT A CLIENT
EGP-9669766F6B,SAAS-mfa-gap-it-adminexample-com,EGP-9669766F6B,it-admin@example.com|example.okta.com,critical,DEMO: NOT A CLIENT
EGP-8F1A843A26,SAAS-privileged-roles-use-pim-contoso-onmicrosoft-com,EGP-8F1A843A26,contoso.onmicrosoft.com,critical,DEMO: NOT A CLIENT
EGP-48F4BD4DB7,CLD-s3-bucket-public-access-123456789012-demo-public-assets,EGP-48F4BD4DB7,demo-public-assets,critical,DEMO: NOT A CLIENT
EGP-CB4A3A6DD9,NMAP-filesrv-corp-local-23-tcp,EGP-CB4A3A6DD9,filesrv.corp.local,critical,DEMO: NOT A CLIENT
EGP-3ACA3100FE,NMAP-telnet-legacy-corp-local-23-tcp,EGP-3ACA3100FE,telnet-legacy.corp.local,critical,DEMO: NOT A CLIENT
EGP-00F8CF94F1,CODE-trufflehog-github-scripts-deploy-sh,EGP-00F8CF94F1,scripts/deploy.sh,critical,DEMO: NOT A CLIENT
EGP-22A5685F02,VULN-cve-2024-3094-app-server-latest,EGP-22A5685F02,app-server:latest,critical,DEMO: NOT A CLIENT
EGP-98AE62B10D,ID-as-rep-roastable-account-svc-krbtgt-roast,EGP-98AE62B10D,SVC-KRBTGT-ROAST,high,DEMO: NOT A CLIENT
EGP-AC949F573B,K8S-c-0034-prod-cluster,EGP-AC949F573B,prod-cluster,high,DEMO: NOT A CLIENT
EGP-43DA96FE7C,K8S-1-2-1-cluster,EGP-43DA96FE7C,cluster,high,DEMO: NOT A CLIENT
EGP-E1558E18BC,ID-backup-operators-privileged-group-backup-operatorscorp-local,EGP-E1558E18BC,BACKUP OPERATORS@CORP.LOCAL,high,DEMO: NOT A CLIENT
EGP-8C0E1B1BDB,ID-adminto-helpdeskcorp-local-dc01-corp-local,EGP-8C0E1B1BDB,HELPDESK@CORP.LOCAL|DC01.CORP.LOCAL,high,DEMO: NOT A CLIENT
EGP-089D0D23BF,WAZ-cis-5-2-10-jump-unmanaged,EGP-089D0D23BF,jump-unmanaged,high,DEMO: NOT A CLIENT
EGP-6AC29500A4,CLD-s3-encryption-missing-arn-aws-s3-demo-unencrypted-tmp,EGP-6AC29500A4,arn:aws:s3:::demo-unencrypted-tmp,high,DEMO: NOT A CLIENT
EGP-BC9939439E,CLD-cloudtrail-multi-region-enabled-123456789012-acct-123456789012,EGP-BC9939439E,acct-123456789012,high,DEMO: NOT A CLIENT
EGP-916954FE99,VULN-python-lang-security-audit-command-injection-app-01-demo-internal,EGP-916954FE99,app-01.demo.internal,high,DEMO: NOT A CLIENT
EGP-D4C1B8A8D7,CLD-ec2-securitygroup-allow-ingress-from-internet-to-any-port-123456789012-sg-default,EGP-D4C1B8A8D7,sg-default,high,DEMO: NOT A CLIENT
EGP-124FDB7417,WAZ-diskenc-intune-fleet-laptop-07,EGP-124FDB7417,fleet-laptop-07,high,DEMO: NOT A CLIENT
EGP-38ED15393B,WAZ-diskenc-intune-jump-unmanaged,EGP-38ED15393B,jump-unmanaged,high,DEMO: NOT A CLIENT
EGP-04F1E588B0,ID-domain-admins-group-listed-dc01-corp-local,EGP-04F1E588B0,DC01.CORP.LOCAL,high,DEMO: NOT A CLIENT
EGP-921A461C91,EASM-admin-example-com-url-https-admin-example-com,EGP-921A461C91,admin.example.com,high,DEMO: NOT A CLIENT
EGP-09B17D457B,EASM-admin-example-com-url-login,EGP-09B17D457B,admin.example.com,high,DEMO: NOT A CLIENT
EGP-5846F7C0DD,EASM-admin-example-com-path-admin,EGP-5846F7C0DD,admin.example.com,high,DEMO: NOT A CLIENT
EGP-452E20FDD5,NMAP-filesrv-corp-local-21-tcp,EGP-452E20FDD5,filesrv.corp.local,high,DEMO: NOT A CLIENT
EGP-8BF0FD466C,NMAP-legacy-ftp-corp-local-21-tcp,EGP-8BF0FD466C,legacy-ftp.corp.local,high,DEMO: NOT A CLIENT
EGP-6AE827EABE,VULN-cve-2023-44487-https-dev-api-example-com,EGP-6AE827EABE,https://dev-api.example.com,high,DEMO: NOT A CLIENT
EGP-6E2C561DC3,CODE-python-lang-security-audit-hardcoded-password-services-payments-config-py,EGP-6E2C561DC3,services/payments/config.py,high,DEMO: NOT A CLIENT
EGP-39348737E9,ID-hk-18-9-win-dc01,EGP-39348737E9,win-dc01,high,DEMO: NOT A CLIENT
EGP-8AA3A720F9,ID-hk-1-1-win-dc01,EGP-8AA3A720F9,win-dc01,high,DEMO: NOT A CLIENT
EGP-B09502BD02,K8S-c-0041-prod-cluster,EGP-B09502BD02,prod-cluster,high,DEMO: NOT A CLIENT
EGP-9CD3850AD7,CLD-aws-iam-user-mfa-iam-user-nomega,EGP-9CD3850AD7,iam-user-nomega,high,DEMO: NOT A CLIENT
EGP-D16DD1023F,SAAS-legacy-authentication-protocols-disabled-contoso-onmicrosoft-com,EGP-D16DD1023F,contoso.onmicrosoft.com,high,DEMO: NOT A CLIENT
EGP-AF110EE4A0,WAZ-lynis-fire-4590-jump-unmanaged,EGP-AF110EE4A0,jump-unmanaged,high,DEMO: NOT A CLIENT
EGP-0C9060D676,WAZ-lynis-ssh-7408-jump-unmanaged,EGP-0C9060D676,jump-unmanaged,high,DEMO: NOT A CLIENT
EGP-EA662AB81B,WAZ-mdm-jamf-fleet-laptop-07,EGP-EA662AB81B,fleet-laptop-07,high,DEMO: NOT A CLIENT
EGP-210A7BC0AE,WAZ-mdm-intune-jump-unmanaged,EGP-210A7BC0AE,jump-unmanaged,high,DEMO: NOT A CLIENT
EGP-983ABF17E7,SAAS-mfa-gap-bobcontoso-onmicrosoft-com,EGP-983ABF17E7,bob@contoso.onmicrosoft.com|contoso.onmicrosoft.com,high,DEMO: NOT A CLIENT
EGP-5BA9098A6F,SAAS-mt-1035-contoso-onmicrosoft-com,EGP-5BA9098A6F,contoso.onmicrosoft.com,high,DEMO: NOT A CLIENT
EGP-0682485128,VULN-nessus-42411-http-10-0-0-20-445,EGP-0682485128,http://10.0.0.20,high,DEMO: NOT A CLIENT
EGP-1868797036,K8S-5-2-1-cluster,EGP-1868797036,cluster,high,DEMO: NOT A CLIENT
EGP-2AE478D2A9,WAZ-edr-intune-fleet-laptop-07,EGP-2AE478D2A9,fleet-laptop-07,high,DEMO: NOT A CLIENT
EGP-460F30CDC5,WAZ-edr-intune-jump-unmanaged,EGP-460F30CDC5,jump-unmanaged,high,DEMO: NOT A CLIENT
EGP-3F2616BFEB,VULN-nikto-admin-http-10-0-0-20-admin,EGP-3F2616BFEB,http://10.0.0.20,high,DEMO: NOT A CLIENT
EGP-5C40B48DB9,VULN-1-3-6-1-4-1-25623-1-0-103234-10-0-0-30,EGP-5C40B48DB9,10.0.0.30,high,DEMO: NOT A CLIENT
EGP-1B99193A54,CODE-python-lang-security-audit-sql-injection-services-payments-query-py,EGP-1B99193A54,services/payments/query.py,high,DEMO: NOT A CLIENT
EGP-3A05A7B4C5,SAAS-standing-admin-it-adminexample-com,EGP-3A05A7B4C5,it-admin@example.com|example.okta.com,high,DEMO: NOT A CLIENT
EGP-DCA63D5B12,SAAS-standing-admin-adminexample-com,EGP-DCA63D5B12,admin@example.com|example.com,high,DEMO: NOT A CLIENT
EGP-4EEEE5EE04,SAAS-privileged-users-require-mfa-contoso-onmicrosoft-com,EGP-4EEEE5EE04,contoso.onmicrosoft.com,high,DEMO: NOT A CLIENT
EGP-715049DEA3,CLD-rds-instance-no-public-access-123456789012-rds-app-prod,EGP-715049DEA3,rds-app-prod,high,DEMO: NOT A CLIENT
EGP-647DE09109,VULN-exposed-redis-https-redis-a-lab-internal,EGP-647DE09109,https://redis-a.lab.internal,high,DEMO: NOT A CLIENT
EGP-E5A5AF0149,VULN-exposed-redis-https-redis-b-lab-internal,EGP-E5A5AF0149,https://redis-b.lab.internal,high,DEMO: NOT A CLIENT
EGP-B57CE7F3B7,VULN-exposed-redis-https-redis-c-lab-internal,EGP-B57CE7F3B7,https://redis-c.lab.internal,high,DEMO: NOT A CLIENT
EGP-A499CB9619,ID-roastable-spn-svc-krbtgt-roast,EGP-A499CB9619,SVC-KRBTGT-ROAST,high,DEMO: NOT A CLIENT
EGP-4C075D5324,ID-roastable-spn-svc-sqlcorp-local,EGP-4C075D5324,SVC-SQL@CORP.LOCAL,high,DEMO: NOT A CLIENT
EGP-15AD69F129,CLD-iam-root-mfa-enabled-123456789012-root,EGP-15AD69F129,root,high,DEMO: NOT A CLIENT
EGP-C0D7472C4D,CODE-ckv-aws-20-infra-terraform-tfvars-aws-s3-bucket-demo,EGP-C0D7472C4D,infra/terraform.tfvars,high,DEMO: NOT A CLIENT
EGP-476574DDAC,CLD-s3-bucket-public-access-arn-aws-s3-demo-asff-open,EGP-476574DDAC,arn:aws:s3:::demo-asff-open,high,DEMO: NOT A CLIENT
EGP-4EBC78720E,CLD-s3-bucket-server-side-encryption-enabled-arn-aws-s3-demo-public-assets,EGP-4EBC78720E,arn:aws:s3:::demo-public-assets,high,DEMO: NOT A CLIENT
EGP-18F6139776,NMAP-dc-corp-local-445-tcp,EGP-18F6139776,dc.corp.local,high,DEMO: NOT A CLIENT
EGP-404EF5A7B6,ID-null-session-dc01-corp-local,EGP-404EF5A7B6,DC01.CORP.LOCAL,high,DEMO: NOT A CLIENT
EGP-2ED9ACA78F,DNS-corp-example-invalid-spf-pass-all,EGP-2ED9ACA78F,corp.example.invalid,high,DEMO: NOT A CLIENT
EGP-973D7948A6,CLD-s3-bucket-allusers-read-demo-scout-public,EGP-973D7948A6,demo-scout-public,high,DEMO: NOT A CLIENT
EGP-5C35746A8A,EASM-admin-example-com,EGP-5C35746A8A,admin.example.com,high,DEMO: NOT A CLIENT
EGP-445A4362DA,EASM-dev-api-example-com,EGP-445A4362DA,dev-api.example.com,high,DEMO: NOT A CLIENT
EGP-77D7ADC49C,EASM-vpn-example-com,EGP-77D7ADC49C,vpn.example.com,high,DEMO: NOT A CLIENT
EGP-4010401CDB,SAAS-stale-guest-contractorexample-com,EGP-4010401CDB,contractor@example.com|example.okta.com,high,DEMO: NOT A CLIENT
EGP-249A9C4377,SAAS-stale-guest-guest-extexample-com,EGP-249A9C4377,guest.ext@example.com|example.com,high,DEMO: NOT A CLIENT
EGP-AF83F05236,SAAS-stale-guest-vendor-extextcontoso-onmicrosoft-com,EGP-AF83F05236,vendor_ext#EXT#@contoso.onmicrosoft.com|contoso.onmicrosoft.com,high,DEMO: NOT A CLIENT
EGP-1216DA041C,VULN-tls1-dev-api-example-com-203-0-113-20,EGP-1216DA041C,dev-api.example.com,high,DEMO: NOT A CLIENT
EGP-E006BF4DC0,VULN-sslscan-tls10-vpn-example-com,EGP-E006BF4DC0,vpn.example.com,high,DEMO: NOT A CLIENT
EGP-4D166DC411,VULN-cve-2014-0160-dev-api-example-com-203-0-113-20,EGP-4D166DC411,dev-api.example.com,high,DEMO: NOT A CLIENT
EGP-47E32EF624,CODE-trufflehog-aws-infra-terraform-tfvars,EGP-47E32EF624,infra/terraform.tfvars,high,DEMO: NOT A CLIENT
EGP-2F9B53617E,ID-unconstrained-delegation-dc01-corp-local,EGP-2F9B53617E,DC01.CORP.LOCAL,high,DEMO: NOT A CLIENT
EGP-0CD518B10D,WAZ-coverage-db-01,EGP-0CD518B10D,db-01,high,DEMO: NOT A CLIENT
EGP-E6A90AAF66,WAZ-coverage-fleet-laptop-07,EGP-E6A90AAF66,fleet-laptop-07,high,DEMO: NOT A CLIENT
EGP-B867338F75,WAZ-coverage-jump-unmanaged,EGP-B867338F75,jump-unmanaged,high,DEMO: NOT A CLIENT
EGP-E94D21F9AB,EASM-admin-example-com-whatweb-admin,EGP-E94D21F9AB,admin.example.com,high,DEMO: NOT A CLIENT
EGP-38702B2F4D,NMAP-filesrv-corp-local-share-c,EGP-38702B2F4D,filesrv.corp.local,high,DEMO: NOT A CLIENT
EGP-6FE30228A9,VULN-cve-2023-38545-app-server-latest,EGP-6FE30228A9,app-server:latest,high,DEMO: NOT A CLIENT
EGP-C07EF796F5,WAZ-enc-compliance-intune,EGP-C07EF796F5,intune-estate,high,DEMO: NOT A CLIENT
EGP-C0595DF5F2,WAZ-enc-compliance-jamf,EGP-C0595DF5F2,jamf-estate,high,DEMO: NOT A CLIENT
EGP-779757A7FF,WAZ-osquery-disk-encryption-jump-unmanaged,EGP-779757A7FF,jump-unmanaged,high,DEMO: NOT A CLIENT
EGP-05BE5CCE95,CODE-cve-2022-25883-package-lock-json,EGP-05BE5CCE95,package-lock.json,high,DEMO: NOT A CLIENT
EGP-D43775CB27,NMAP-dc-corp-local-admin-share,EGP-D43775CB27,dc.corp.local,medium,DEMO: NOT A CLIENT
EGP-0361A3226F,NMAP-filesrv-corp-local-admin-share,EGP-0361A3226F,filesrv.corp.local,medium,DEMO: NOT A CLIENT
EGP-65380FA86F,DNS-mail-example-invalid-dkim-missing-selector1,EGP-65380FA86F,mail.example.invalid,medium,DEMO: NOT A CLIENT
EGP-6F936711D9,DNS-mail-example-invalid-dmarc-missing,EGP-6F936711D9,mail.example.invalid,medium,DEMO: NOT A CLIENT
EGP-06AA325F5E,CLD-ec2-ebs-default-encryption-123456789012-vol-jump,EGP-06AA325F5E,vol-jump,medium,DEMO: NOT A CLIENT
EGP-55CA11BC46,DNS-mail-example-invalid-cert-expired,EGP-55CA11BC46,mail.example.invalid,medium,DEMO: NOT A CLIENT
EGP-D3A958743B,DNS-vpn-example-invalid-cert-expired,EGP-D3A958743B,vpn.example.invalid,medium,DEMO: NOT A CLIENT
EGP-CB0C07B186,VULN-exposed-panel-http-10-0-0-20,EGP-CB0C07B186,http://10.0.0.20,medium,DEMO: NOT A CLIENT
EGP-BF0609A3D0,SAAS-external-sharing-restricted-contoso-onmicrosoft-com,EGP-BF0609A3D0,contoso.onmicrosoft.com,medium,DEMO: NOT A CLIENT
EGP-667BD345E8,ID-high-value-identity-domain-adminscorp-local,EGP-667BD345E8,DOMAIN ADMINS@CORP.LOCAL,medium,DEMO: NOT A CLIENT
EGP-3D3C6C703A,NMAP-dc-corp-local-3389-tcp,EGP-3D3C6C703A,dc.corp.local,medium,DEMO: NOT A CLIENT
EGP-01A7E0C096,NMAP-filesrv-corp-local-3389-tcp,EGP-01A7E0C096,filesrv.corp.local,medium,DEMO: NOT A CLIENT
EGP-8A3AE2E3B4,EASM-staging-example-com,EGP-8A3AE2E3B4,staging.example.com,medium,DEMO: NOT A CLIENT
EGP-5422E0C6EF,EASM-vpn-example-com-tls-weak,EGP-5422E0C6EF,vpn.example.com,medium,DEMO: NOT A CLIENT
EGP-394AAC793B,K8S-write-below-binary-dir-prod-cluster,EGP-394AAC793B,prod-cluster|payments-worker,medium,DEMO: NOT A CLIENT
EGP-D100D44047,CODE-cve-2023-44270-package-lock-json,EGP-D100D44047,package-lock.json,medium,DEMO: NOT A CLIENT
EGP-AEAAADBC1F,DNS-corp-example-invalid-dmarc-monitor-only,EGP-AEAAADBC1F,corp.example.invalid,low,DEMO: NOT A CLIENT
EGP-3CACDC27B2,NMAP-legacy-ftp-corp-local-80-tcp,EGP-3CACDC27B2,legacy-ftp.corp.local,low,DEMO: NOT A CLIENT
EGP-AB1B4DF038,NMAP-web-01-corp-local-80-tcp,EGP-AB1B4DF038,web-01.corp.local,low,DEMO: NOT A CLIENT
EGP-C84FA935DD,NMAP-dc-corp-local-135-tcp,EGP-C84FA935DD,dc.corp.local,low,DEMO: NOT A CLIENT
EGP-C26D472FE3,NMAP-filesrv-corp-local-139-tcp,EGP-C26D472FE3,filesrv.corp.local,low,DEMO: NOT A CLIENT
EGP-470D8E6BC5,NMAP-dc-corp-local-389-tcp,EGP-470D8E6BC5,dc.corp.local,low,DEMO: NOT A CLIENT
EGP-591DBD3BA9,NMAP-dc-corp-local-88-tcp,EGP-591DBD3BA9,dc.corp.local,low,DEMO: NOT A CLIENT
EGP-27458F6B45,DNS-mail-example-invalid-spf-softfail-only,EGP-27458F6B45,mail.example.invalid,low,DEMO: NOT A CLIENT
EGP-7726E46AF1,NMAP-10-0-0-40-22-tcp,EGP-7726E46AF1,10.0.0.40,low,DEMO: NOT A CLIENT
