POAM ID,Controls,Weakness Name,Weakness Description,Weakness Detector Source,Weakness Source Identifier,Asset Identifier,Point of Contact,Resources Required,Overall Remediation Plan,Original Detection Date,Scheduled Completion Date,Status Date,Vendor Dependency,Last Vendor Check-in Date,Vendor Dependent Product Name,Original Risk Rating,Adjusted Risk Rating,Risk Adjustment,False Positive,Operational Requirement,Deviation Rationale,Supporting Documents,Comments,Binding Operational Directive 22-01 tracking,Binding Operational Directive 22-01 Due Date,CVE,Framework Tags
EGP-BD8368985C,"IA-2, AC-3",Anonymous Kubernetes API access,anonymous-auth=true on kube-apiserver,k8s-kubescape,k8s:C-0013,prod-cluster,,,"Set --anonymous-auth=false on kube-apiserver. This is a dropped CIS/kube-bench finding, not a live cluster call.",2026-09-20,,2026-10-01,No,,,Critical,,,,,,,"Scanner rating Critical. This CSV writes Critical on Original Risk Rating. FedRAMP template col M has no Critical branch (treats Critical as High +30).
default, not verified",,,,"cpg_3_I,csf_PR_AA_05,nist80053_IA-2,nist80053_AC-3"
EGP-D8920D895C,"SI-2, RA-5",Apache Log4j RCE,Log4Shell JNDI lookup,vuln-scan,nuclei:CVE-2021-44228,https://app.corp.local,,,"Upgrade Log4j to a fixed release and block JNDI lookups. This is a dropped Nuclei finding, not a live scan.",2026-09-11,,2026-10-01,No,,,Critical,,,,,,,"Scanner rating Critical. This CSV writes Critical on Original Risk Rating. FedRAMP template col M has no Critical branch (treats Critical as High +30).
default, not verified",,,CVE-2021-44228,"cpg_2_B,csf_ID_RA_01,nist80053_SI-2,nist80053_RA-5"
EGP-A3038CD302,"AC-6, AC-2, AC-3",BloodHound DCSync,Principal can replicate directory secrets. SVC-SQL@CORP.LOCAL -> CORP.LOCAL,identity-ad,ad:dcsync,CORP.LOCAL,,,"Revoke DS-Replication-Get-Changes and DS-Replication-Get-Changes-All (DCSync) from non-DC principals. This is a directory replication-rights finding, not a secret-rotation-only fix.",not recorded,,2026-10-01,No,,,Critical,,,,,,,"Scanner rating Critical. This CSV writes Critical on Original Risk Rating. FedRAMP template col M has no Critical branch (treats Critical as High +30).
default, not verified",,,,"cpg_3_H,csf_PR_AA_05,nist80053_AC-6,nist80053_AC-2,nist80053_AC-3"
EGP-AAC630CCE4,"AC-6, AC-2",BloodHound GenericAll,Full control over the object. HELPDESK@CORP.LOCAL -> DOMAIN ADMINS@CORP.LOCAL,identity-ad,ad:genericall,DOMAIN ADMINS@CORP.LOCAL,,,"Remove the GenericAll ACE from the principal. This is a BloodHound file-drop finding, not a live AD call.",not recorded,,2026-10-01,No,,,Critical,,,,,,,"Scanner rating Critical. This CSV writes Critical on Original Risk Rating. FedRAMP template col M has no Critical branch (treats Critical as High +30).
default, not verified",,,,"cpg_3_H,csf_PR_AA_05,nist80053_AC-6,nist80053_AC-2"
EGP-F18CA5E082,"AC-2, AC-6, AC-5",Entra GA without PIM,ga@contoso.onmicrosoft.com is Global Administrator without PIM eligibility.,identity-ad,ad:bh-entra-ga-no-pim,ga@contoso.onmicrosoft.com,,,"Use PIM eligible assignments instead of standing Global Administrator. This is a dropped Scuba/Graph export finding, not a Graph API call.",not recorded,,2026-10-01,No,,,Critical,,,,,,,"Scanner rating Critical. This CSV writes Critical on Original Risk Rating. FedRAMP template col M has no Critical branch (treats Critical as High +30).
default, not verified",,,,"cpg_3_H,csf_PR_AA_05,nist80053_AC-2,nist80053_AC-6,nist80053_AC-5"
EGP-420F81AA88,"IA-5, SI-4",Generic API Key,Secret rule generic-api-key in services/payments/config.py:12 value=[REDACTED],code-secrets,sast:gitleaks-generic-[REDACTED],services/payments/config.py,,,"Rotate the secret, revoke the old value, and remove it from the repo. The pack redacts secret material.",not recorded,,2026-10-01,No,,,Critical,,,,,,,"Scanner rating Critical. This CSV writes Critical on Original Risk Rating. FedRAMP template col M has no Critical branch (treats Critical as High +30).
default, not verified",,,,"cpg_3_C,csf_PR_AA_01,nist80053_IA-5,nist80053_SI-4,cis_3_3"
EGP-5FE9037635,"IA-5, SI-4",Generic Secret,Secret rule generic-secret in deploy/.env.sample:3 value=[REDACTED],code-secrets,sast:gitleaks-generic-[REDACTED],deploy/.env.sample,,,"Rotate the secret, revoke the old value, and remove it from the repo. The pack redacts secret material.",not recorded,,2026-10-01,No,,,Critical,,,,,,,"Scanner rating Critical. This CSV writes Critical on Original Risk Rating. FedRAMP template col M has no Critical branch (treats Critical as High +30).
default, not verified",,,,"cpg_3_C,csf_PR_AA_01,nist80053_IA-5,nist80053_SI-4,cis_3_3"
EGP-AB11671FFA,"AC-2, AC-6",IAM user does not have AdministratorAccess,User has AdministratorAccess attached directly.,cloud-prowler,prowler:iam_user_administrator_access,iam-admin-breakglass,,,"Detach AdministratorAccess from IAM users. Prefer a role or break-glass group. This is an IAM posture finding, not a CVE.",2026-09-14,,2026-10-01,No,,,Critical,,,,,,,"Scanner rating Critical. This CSV writes Critical on Original Risk Rating. FedRAMP template col M has no Critical branch (treats Critical as High +30).
default, not verified",,,,"cpg_3_H,csf_PR_AA_05,nist80053_AC-2,nist80053_AC-6"
EGP-BB7125EC27,"AC-6, CM-7",Launch Privileged Container,Privileged container started,k8s-kubescape,k8s:Launch Privileged Container,payments-worker,,,"Do not run privileged=true; block admission of privileged pods. This is a Kubescape/kube-bench/Falco finding from a dropped export, not a live kubectl call.",2026-09-18,,2026-10-01,No,,,Critical,,,,,,,"Scanner rating Critical. This CSV writes Critical on Original Risk Rating. FedRAMP template col M has no Critical branch (treats Critical as High +30).
default, not verified",,,,"cpg_3_H,csf_PR_AA_05,nist80053_AC-6,nist80053_CM-7"
EGP-03DE2375BD,"IA-2, IA-2(1)",Okta admin MFA gap,Okta admin MFA enrollment disabled,saas-idp,saas:policy:pol-mfa-admins:name:okta admin mfa gap,example.okta.com,,,Enforce MFA on privileged Okta/Entra/Google roles from the dropped ScubaGear or Okta export. This is not a Graph or Okta API call.,not recorded,,2026-10-01,No,,,Critical,,,,,,,"Scanner rating Critical. This CSV writes Critical on Original Risk Rating. FedRAMP template col M has no Critical branch (treats Critical as High +30).
default, not verified",,,,"cpg_3_F,csf_PR_AA_03,nist80053_IA-2,nist80053_IA-2(1)"
EGP-0AF7CB2826,"IA-2, IA-2(1)",Privileged MFA gap,"Export lists admin@example.com without MFA registered while holding Privileged role (unspecified). This is an identity-posture assessment finding from a dropped IdP export, not evidence of a breach or a live Graph/Okta/Google API call.",saas-idp,saas:mfa_unregistered,example.com,,,Enforce MFA on privileged Okta/Entra/Google roles from the dropped ScubaGear or Okta export. This is not a Graph or Okta API call.,not recorded,,2026-10-01,No,,,Critical,,,,,,,"Scanner rating Critical. This CSV writes Critical on Original Risk Rating. FedRAMP template col M has no Critical branch (treats Critical as High +30).
default, not verified",,,,"cpg_3_F,csf_PR_AA_03,nist80053_IA-2,nist80053_IA-2(1)"
EGP-9669766F6B,"IA-2, IA-2(1)",Privileged MFA gap,"Export lists it-admin@example.com without MFA registered while holding SUPER_ADMIN. This is an identity-posture assessment finding from a dropped IdP export, not evidence of a breach or a live Graph/Okta/Google API call.",saas-idp,saas:mfa_unregistered,example.okta.com,,,Enforce MFA on privileged Okta/Entra/Google roles from the dropped ScubaGear or Okta export. This is not a Graph or Okta API call.,not recorded,,2026-10-01,No,,,Critical,,,,,,,"Scanner rating Critical. This CSV writes Critical on Original Risk Rating. FedRAMP template col M has no Critical branch (treats Critical as High +30).
default, not verified",,,,"cpg_3_F,csf_PR_AA_03,nist80053_IA-2,nist80053_IA-2(1)"
EGP-8F1A843A26,"AC-2, AC-6, AC-5",Privileged roles use PIM,Global Administrator assigned permanently,saas-idp,saas:Privileged roles use PIM,contoso.onmicrosoft.com,,,"Use PIM eligible assignments instead of standing Global Administrator. This is a dropped Scuba/Graph export finding, not a Graph API call.",2026-09-16,,2026-10-01,No,,,Critical,,,,,,,"Scanner rating Critical. This CSV writes Critical on Original Risk Rating. FedRAMP template col M has no Critical branch (treats Critical as High +30).
default, not verified",,,,"cpg_3_H,csf_PR_AA_05,nist80053_AC-2,nist80053_AC-6,nist80053_AC-5"
EGP-48F4BD4DB7,"AC-3, AC-6, SC-7",S3 bucket prohibits public access,Bucket ACL and policy allow public List/Get.,cloud-prowler,prowler:s3_bucket_public_access,demo-public-assets,,,"Remove public ACLs and bucket policies (S3 Public Access Block; drop AllUsers/AuthenticatedUsers). This is an ACL/public-access finding, not a default-encryption change.",2026-09-14,,2026-10-01,No,,,Critical,,,,,,,"Scanner rating Critical. This CSV writes Critical on Original Risk Rating. FedRAMP template col M has no Critical branch (treats Critical as High +30).
default, not verified",,,,"cpg_3_S,csf_PR_AA_05,nist80053_AC-3,nist80053_AC-6,nist80053_SC-7"
EGP-CB4A3A6DD9,"CM-7, SC-8, AC-17",Telnet exposed,filesrv.corp.local has open TCP/23 (tcp).,inventory-nmap,nmap:nmap-port-23/tcp,filesrv.corp.local (23/TCP),,,Disable Telnet (TCP/23). Use SSH or an approved jump host. Do not leave cleartext remote admin on the network.,2026-09-09,,2026-10-01,No,,,Critical,,,,,,,"Scanner rating Critical. This CSV writes Critical on Original Risk Rating. FedRAMP template col M has no Critical branch (treats Critical as High +30).
default, not verified",,,,"cpg_3_I,csf_PR_IR_01,nist80053_CM-7,nist80053_SC-8,nist80053_AC-17"
EGP-3ACA3100FE,"CM-7, SC-8, AC-17",Telnet exposed,telnet-legacy.corp.local has open TCP/23 (telnet).,inventory-nmap,nmap:nmap-port-23/tcp,telnet-legacy.corp.local (23/TCP),,,Disable Telnet (TCP/23). Use SSH or an approved jump host. Do not leave cleartext remote admin on the network.,2026-09-10,,2026-10-01,No,,,Critical,,,,,,,"Scanner rating Critical. This CSV writes Critical on Original Risk Rating. FedRAMP template col M has no Critical branch (treats Critical as High +30).
default, not verified",,,,"cpg_3_I,csf_PR_IR_01,nist80053_CM-7,nist80053_SC-8,nist80053_AC-17"
EGP-00F8CF94F1,"IA-5, SI-4",TruffleHog Github,Github secret in scripts/deploy.sh value=[REDACTED] verified=True,code-secrets,sast:trufflehog-github:file:scripts/deploy.sh,scripts/deploy.sh,,,"Rotate the secret, revoke the old value, and remove it from the repo. The pack redacts secret material.",not recorded,,2026-10-01,No,,,Critical,,,,,,,"Scanner rating Critical. This CSV writes Critical on Original Risk Rating. FedRAMP template col M has no Critical branch (treats Critical as High +30).
default, not verified",,,,"cpg_3_C,csf_PR_AA_01,nist80053_IA-5,nist80053_SI-4,cis_3_3"
EGP-22A5685F02,"SI-2, RA-5",xz-utils supply chain backdoor,Malicious code in xz-utils liblzma.,vuln-scan,cve:CVE-2024-3094,app-server:latest,,,"Replace xz-utils/liblzma 5.6.0/5.6.1 (the backdoored builds) with a clean package (5.4.x or a later rebuilt release). Rotate credentials or keys that may have been exposed on hosts that ran the backdoored library. This is a supply-chain CVE, not a config-drift finding.",2026-09-12,,2026-10-01,No,,,Critical,,,,,,,"Scanner rating Critical. This CSV writes Critical on Original Risk Rating. FedRAMP template col M has no Critical branch (treats Critical as High +30).
default, not verified",,,CVE-2024-3094,"cpg_2_B,csf_PR_PS_02,nist80053_SI-2,nist80053_RA-5,cis_7_3,cis_7_4,cis_7_7"
EGP-98AE62B10D,"IA-2, AC-2",AS-REP roastable account,SVC-KRBTGT-ROAST does not require Kerberos preauth.,identity-ad,ad:bh-asrep-roastable,SVC-KRBTGT-ROAST,,,"Uncheck 'Do not require Kerberos preauthentication'. This is a BloodHound file-drop finding, not a live AD call.",2026-09-19,,2026-10-01,No,,,High,,,,,,,"default, not verified",,,,"cpg_3_B,csf_PR_AA_01,nist80053_IA-2,nist80053_AC-2"
EGP-AC949F573B,"AC-6, CM-7",Allow privilege escalation,allowPrivilegeEscalation not set false,k8s-kubescape,k8s:C-0034,prod-cluster,,,"Set allowPrivilegeEscalation=false. This is a dropped Kubescape finding, not a live kubectl call.",2026-09-20,,2026-10-01,No,,,High,,,,,,,"default, not verified",,,,"cpg_3_H,csf_PR_AA_05,nist80053_AC-6,nist80053_CM-7"
EGP-43DA96FE7C,"IA-2, AC-3",Anonymous authentication is not enabled,Anonymous authentication is not enabled,k8s-kubescape,k8s:1.2.1,cluster,,,"Set --anonymous-auth=false on kube-apiserver. This is a dropped CIS/kube-bench finding, not a live cluster call.",not recorded,,2026-10-01,No,,,High,,,,,,,"default, not verified",,,,"cpg_3_I,csf_PR_AA_05,nist80053_IA-2,nist80053_AC-3"
EGP-E1558E18BC,"AC-2, AC-6",Backup Operators privileged group,Members can dump SAM / seize privileged files.,identity-ad,ad:bh-backup-operators,BACKUP OPERATORS@CORP.LOCAL,,,"Remove standing Backup Operators members. This is a BloodHound/PingCastle file-drop finding, not a live AD call.",not recorded,,2026-10-01,No,,,High,,,,,,,"default, not verified",,,,"cpg_3_H,csf_PR_AA_05,nist80053_AC-2,nist80053_AC-6"
EGP-8C0E1B1BDB,"AC-6, AC-2",BloodHound AdminTo,Principal has local admin on the target. HELPDESK@CORP.LOCAL -> DC01.CORP.LOCAL,identity-ad,ad:adminto,DC01.CORP.LOCAL,,,"Remove the AdminTo local-admin edge; prefer just-in-time privileged access. This is a BloodHound file-drop finding, not a live AD call.",not recorded,,2026-10-01,No,,,High,,,,,,,"default, not verified",,,,"cpg_3_H,csf_PR_AA_05,nist80053_AC-6,nist80053_AC-2"
EGP-089D0D23BF,"IA-2, AC-6",CIS-CAT 5.2.10: Ensure SSH PermitRootLogin is no,Ensure SSH PermitRootLogin is no,host-wazuh,wazuh:5.2.10,jump-unmanaged,,,"Set PermitRootLogin no and use a named sudo account. This is a Lynis/OpenSCAP posture finding, not a CVE.",not recorded,,2026-10-01,No,,,High,,,,,,,"default, not verified",,,,"cpg_3_H,csf_PR_AA_05,nist80053_IA-2,nist80053_AC-6"
EGP-6AC29500A4,"SC-28, SC-13",Cloud Custodian s3-encryption-missing,S3 bucket without default encryption,cloud-prowler,prowler:s3-encryption-missing,arn:aws:s3:::demo-unencrypted-tmp,,,"Enable default bucket encryption with SSE-S3 or SSE-KMS. This is an encryption-at-rest finding, not a bucket-policy exposure.",2026-09-24,,2026-10-01,No,,,High,,,,,,,"default, not verified",,,,"cpg_3_K,csf_PR_DS_01,nist80053_SC-28,nist80053_SC-13"
EGP-BC9939439E,"AU-2, AU-3, AU-12",CloudTrail multi-region trail exists,No multi-region CloudTrail trail.,cloud-prowler,prowler:cloudtrail_multi_region_enabled,acct-123456789012,,,"Create a multi-region CloudTrail trail with log-file validation to a locked log bucket. This is an audit-logging finding, not encryption or public-access.",2026-09-14,,2026-10-01,No,,,High,,,,,,,"default, not verified",,,,"cpg_3_Q,csf_DE_CM_09,nist80053_AU-2,nist80053_AU-3,nist80053_AU-12"
EGP-916954FE99,"SI-10, SA-11","DEMO — possible command injection (fixture, not a scan)","DEMO — possible command injection (fixture, not a scan)",vuln-scan,nuclei:python.lang.security.audit.command-injection,app-01.demo.internal,,,"Do not pass untrusted input to a shell. Use argv arrays or a safe API. This is a SAST/SARIF finding, not a CVE.",2026-09-13,,2026-10-01,No,,,High,,,,,,,"default, not verified",,,,"cpg_2_B,csf_PR_PS_06,nist80053_SI-10,nist80053_SA-11"
EGP-D4C1B8A8D7,"SC-7, AC-3",Default security group restricts all traffic,Default SG allows 0.0.0.0/0 on all ports.,cloud-prowler,prowler:ec2_securitygroup_allow_ingress_from_internet_to_any_port,sg-default,,,"Remove 0.0.0.0/0 ingress. Allow only required CIDRs or prefix lists. This is a network-exposure finding, not a CVE.",2026-09-14,,2026-10-01,No,,,High,,,,,,,"default, not verified",,,,"cpg_3_S,csf_PR_IR_01,nist80053_SC-7,nist80053_AC-3"
EGP-124FDB7417,"SC-28, MP-5",Disk encryption disabled on fleet-laptop-07,"fleet-laptop-07 export lists disk encryption as not enabled. This is an endpoint-posture assessment finding from a dropped MDM export, not evidence of a breach or a live Intune/Jamf/osquery query.",host-wazuh,wazuh:disk-encryption-disabled:fleet-laptop-07,fleet-laptop-07,,,"Enable FileVault, BitLocker, or LUKS on the endpoint. This is a Fleet/Intune/Jamf file-drop finding, not a live agent query.",not recorded,,2026-10-01,No,,,High,,,,,,,"default, not verified",,,,"cpg_3_K,csf_PR_DS_01,nist80053_SC-28,nist80053_MP-5"
EGP-38ED15393B,"SC-28, MP-5",Disk encryption disabled on jump-unmanaged,"jump-unmanaged export lists disk encryption as not enabled. This is an endpoint-posture assessment finding from a dropped MDM export, not evidence of a breach or a live Intune/Jamf/osquery query.",host-wazuh,wazuh:disk-encryption-disabled:jump-unmanaged,jump-unmanaged,,,"Enable FileVault, BitLocker, or LUKS on the endpoint. This is a Fleet/Intune/Jamf file-drop finding, not a live agent query.",not recorded,,2026-10-01,No,,,High,,,,,,,"default, not verified",,,,"cpg_3_K,csf_PR_DS_01,nist80053_SC-28,nist80053_MP-5"
EGP-04F1E588B0,"AC-2, AC-6",Domain Admins group listed,DC01.CORP.LOCAL export lists Domain Admins.,identity-ad,ad:ad-domain-admins,DC01.CORP.LOCAL,,,"Remove standing Domain Admins members. This is a dropped identity export, not a live directory call.",not recorded,,2026-10-01,No,,,High,,,,,,,"default, not verified",,,,"cpg_3_H,csf_PR_AA_05,nist80053_AC-2,nist80053_AC-6"
EGP-921A461C91,"AC-17, SC-7",Exposed admin interface on admin.example.com,"admin.example.com presents https://admin.example.com (title=Admin, pageType=[n/a]).",easm,easm:httpx-admin:path:https://admin.example.com|url:https://admin.example.com,admin.example.com,,,"Move the admin UI off the public perimeter or put it behind SSO/VPN. This is a dropped httpx/EASM finding, not a live HTTP probe.",2026-09-08,,2026-10-01,No,,,High,,,,,,,"default, not verified",,,,"cpg_3_S,csf_PR_IR_01,nist80053_AC-17,nist80053_SC-7"
EGP-09B17D457B,"AC-17, SC-7",Exposed admin interface on admin.example.com,"admin.example.com presents /login (title=Admin login, pageType=[n/a]).",easm,easm:httpx-admin:path:/login|url:https://admin.example.com/login,admin.example.com,,,"Move the admin UI off the public perimeter or put it behind SSO/VPN. This is a dropped httpx/EASM finding, not a live HTTP probe.",2026-09-08,,2026-10-01,No,,,High,,,,,,,"default, not verified",,,,"cpg_3_S,csf_PR_IR_01,nist80053_AC-17,nist80053_SC-7"
EGP-5846F7C0DD,"AC-17, SC-7",Exposed admin interface path on admin.example.com,"admin.example.com exposes /admin (status=200). This is a dropped ffuf/gobuster finding, not a live HTTP probe.",easm,easm:path-exposure-admin:path:/admin|url:https://admin.example.com/admin,admin.example.com,,,"Move the admin UI off the public perimeter or put it behind SSO/VPN. This is a dropped httpx/EASM finding, not a live HTTP probe.",2026-09-07,,2026-10-01,No,,,High,,,,,,,"default, not verified",,,,"cpg_3_S,csf_PR_IR_01,nist80053_AC-17,nist80053_SC-7"
EGP-452E20FDD5,"CM-7, SC-8",FTP exposed,filesrv.corp.local has open TCP/21 (tcp).,inventory-nmap,nmap:nmap-port-21/tcp,filesrv.corp.local (21/TCP),,,Disable FTP (TCP/21) or replace with SFTP/FTPS. Restrict any remaining listener to a management VLAN.,not recorded,,2026-10-01,No,,,High,,,,,,,"default, not verified",,,,"cpg_3_I,csf_PR_IR_01,nist80053_CM-7,nist80053_SC-8"
EGP-8BF0FD466C,"CM-7, SC-8",FTP exposed,legacy-ftp.corp.local has open TCP/21 (ftp).,inventory-nmap,nmap:nmap-port-21/tcp,legacy-ftp.corp.local (21/TCP),,,Disable FTP (TCP/21) or replace with SFTP/FTPS. Restrict any remaining listener to a management VLAN.,2026-09-10,,2026-10-01,No,,,High,,,,,,,"default, not verified",,,,"cpg_3_I,csf_PR_IR_01,nist80053_CM-7,nist80053_SC-8"
EGP-6AE827EABE,"SI-2, RA-5",HTTP/2 Rapid Reset,HTTP/2 rapid reset DoS,vuln-scan,nuclei:CVE-2023-44487,https://dev-api.example.com,,,"Upgrade the HTTP/2 stack (nginx, Envoy, load balancer, or language runtime) to a release that limits or rejects Rapid Reset; disable HTTP/2 only if a patch is not available.",2026-09-11,,2026-10-01,No,,,High,,,,,,,"default, not verified",,,CVE-2023-44487,"cpg_2_B,csf_PR_PS_02,nist80053_SI-2,nist80053_RA-5,cis_7_3,cis_7_4,cis_7_7"
EGP-6E2C561DC3,"IA-5, SI-4",Hardcoded credential assigned to variable,Hardcoded credential assigned to variable,code-secrets,sast:python.lang.security.audit.hardcoded-password,services/payments/config.py,,,"Rotate the secret, revoke the old value, and remove it from the repo. The pack redacts secret material.",not recorded,,2026-10-01,No,,,High,,,,,,,"default, not verified",,,,"cpg_3_C,csf_PR_AA_01,nist80053_IA-5,nist80053_SI-4,cis_3_3"
EGP-39348737E9,"IA-5, SC-13",HardeningKitty Disable LM hash storage,Disable LM hash storage result=failed recommended=Enabled actual=[REDACTED],identity-ad,hardeningkitty:18.9,win-dc01,,,"Disable storage of LAN Manager hashes. Prefer NTLMv2. This is a HardeningKitty/CIS posture finding, not a CVE.",not recorded,,2026-10-01,No,,,High,,,,,,,"default, not verified",,,,"cpg_3_B,csf_PR_AA_01,nist80053_IA-5,nist80053_SC-13"
EGP-8AA3A720F9,IA-5,HardeningKitty Enforce password history,Enforce password history result=failed recommended=24 actual=[REDACTED],identity-ad,hardeningkitty:1.1,win-dc01,,,"Set password history to the recommended length. This is a HardeningKitty/CIS posture finding, not a CVE.",not recorded,,2026-10-01,No,,,High,,,,,,,"default, not verified",,,,"cpg_3_B,csf_PR_AA_01,nist80053_IA-5"
EGP-B09502BD02,"SC-7, CM-7",HostNetwork access,DaemonSet uses hostNetwork,k8s-kubescape,k8s:C-0041,prod-cluster,,,"Unset hostNetwork unless the workload is a documented system DaemonSet. This is a dropped Kubescape finding, not a live cluster call.",2026-09-20,,2026-10-01,No,,,High,,,,,,,"default, not verified",,,,"cpg_3_I,csf_PR_IR_01,nist80053_SC-7,nist80053_CM-7"
EGP-9CD3850AD7,"IA-2, IA-2(1)",IAM users should have MFA,User nomega has no MFA device,cloud-prowler,prowler:aws_iam_user_mfa,iam-user-nomega,,,"Enforce MFA on the IAM user (console login or policy condition). This is a user-MFA gap, not the account-root MFA control.",not recorded,,2026-10-01,No,,,High,,,,,,,"default, not verified",,,,"cpg_3_F,csf_PR_AA_03,nist80053_IA-2,nist80053_IA-2(1)"
EGP-D16DD1023F,"IA-2, IA-5",Legacy authentication protocols disabled,M365 legacy auth (IMAP/SMTP basic) still enabled,saas-idp,saas:Legacy authentication protocols disabled,contoso.onmicrosoft.com,,,"Disable IMAP/SMTP basic auth and other legacy authentication protocols. This is a dropped Scuba/IdP export finding, not a Graph API call.",2026-09-16,,2026-10-01,No,,,High,,,,,,,"default, not verified",,,,"cpg_3_F,csf_PR_AA_03,nist80053_IA-2,nist80053_IA-5"
EGP-AF110EE4A0,"SC-7, CM-7, CM-6",Lynis FIRE-4590: No firewall software installed,No firewall software installed,host-wazuh,lynis:FIRE-4590,jump-unmanaged,,,"Install and enable a host firewall. This is a Lynis/OpenSCAP posture finding, not a CVE.",2026-09-17,,2026-10-01,No,,,High,,,,,,,"default, not verified",,,,"cpg_3_I,csf_PR_PS_01,nist80053_SC-7,nist80053_CM-7,nist80053_CM-6"
EGP-0C9060D676,"IA-2, AC-6, CM-6",Lynis SSH-7408: SSH PermitRootLogin is enabled,SSH PermitRootLogin is enabled,host-wazuh,lynis:SSH-7408,jump-unmanaged,,,"Set PermitRootLogin no and use a named sudo account. This is a Lynis/OpenSCAP posture finding, not a CVE.",2026-09-17,,2026-10-01,No,,,High,,,,,,,"default, not verified",,,,"cpg_3_H,csf_PR_AA_05,nist80053_IA-2,nist80053_AC-6,nist80053_CM-6"
EGP-EA662AB81B,"CM-2, CM-6",MDM enrollment off on fleet-laptop-07,"fleet-laptop-07 is not enrolled in MDM according to the dropped jamf export. This is an endpoint-posture assessment finding from a dropped MDM export, not evidence of a breach or a live Intune/Jamf/osquery query.",host-wazuh,wazuh:mdm-unenrolled,fleet-laptop-07,,,"Enroll the host in the approved MDM. This is a Fleet/Intune/Jamf file-drop finding, not a live agent query.",not recorded,,2026-10-01,No,,,High,,,,,,,"default, not verified",,,,"cpg_3_N,csf_PR_PS_01,nist80053_CM-2,nist80053_CM-6"
EGP-210A7BC0AE,"CM-2, CM-6",MDM enrollment off on jump-unmanaged,"jump-unmanaged is not enrolled in MDM according to the dropped intune export. This is an endpoint-posture assessment finding from a dropped MDM export, not evidence of a breach or a live Intune/Jamf/osquery query.",host-wazuh,wazuh:mdm-unenrolled,jump-unmanaged,,,"Enroll the host in the approved MDM. This is a Fleet/Intune/Jamf file-drop finding, not a live agent query.",not recorded,,2026-10-01,No,,,High,,,,,,,"default, not verified",,,,"cpg_3_N,csf_PR_PS_01,nist80053_CM-2,nist80053_CM-6"
EGP-983ABF17E7,"IA-2, IA-2(1)",MFA not registered,"Export lists bob@contoso.onmicrosoft.com without MFA registered. This is an identity-posture assessment finding from a dropped IdP export, not evidence of a breach or a live Graph/Okta/Google API call.",saas-idp,saas:mfa_unregistered,contoso.onmicrosoft.com,,,Enforce MFA on privileged Okta/Entra/Google roles from the dropped ScubaGear or Okta export. This is not a Graph or Okta API call.,not recorded,,2026-10-01,No,,,High,,,,,,,"default, not verified",,,,"cpg_3_F,csf_PR_AA_03,nist80053_IA-2,nist80053_IA-2(1)"
EGP-5BA9098A6F,"IA-2, IA-2(1)",Maester MT.1035,Privileged users should have phishing-resistant MFA,saas-idp,saas:MT.1035,contoso.onmicrosoft.com,,,"Require FIDO2 or another phishing-resistant method for privileged Entra roles. This is a Maester posture finding from a dropped export, not a Graph API call.",2026-09-23,,2026-10-01,No,,,High,,,,,,,"default, not verified",,,,"cpg_3_F,csf_PR_AA_03,nist80053_IA-2,nist80053_IA-2(1)"
EGP-0682485128,"CM-7, SC-7",Microsoft Windows SMB Shares Unprivileged Access,"SMB file sharing is reachable without a privileged account. This is a dropped Nessus export, not a live scan. (Nessus file-drop; not a live scan)",vuln-scan,nessus:42411,http://10.0.0.20 (445/TCP),,,"Restrict TCP/445 (SMB) to required admin or file-share hosts. Confirm SMBv1 is disabled on the endpoint. This finding is an open-port exposure, not a dialect or CVE.",2026-09-10,,2026-10-01,No,,,High,,,,,,,"default, not verified",,,,"cpg_3_I,csf_PR_IR_01,nist80053_CM-7,nist80053_SC-7"
EGP-1868797036,"AC-6, CM-7",Minimize the admission of privileged containers,Minimize the admission of privileged containers,k8s-kubescape,k8s:5.2.1,cluster,,,"Do not run privileged=true; block admission of privileged pods. This is a Kubescape/kube-bench/Falco finding from a dropped export, not a live kubectl call.",not recorded,,2026-10-01,No,,,High,,,,,,,"default, not verified",,,,"cpg_3_H,csf_PR_AA_05,nist80053_AC-6,nist80053_CM-7"
EGP-2AE478D2A9,SI-4,Missing EDR on fleet-laptop-07,"fleet-laptop-07 export lists endpoint detection / antivirus as missing. This is an endpoint-posture assessment finding from a dropped MDM export, not evidence of a breach or a live Intune/Jamf/osquery query.",host-wazuh,wazuh:edr-missing,fleet-laptop-07,,,"Install the approved EDR/antivirus agent and confirm it reports healthy. This is an MDM file-drop assessment finding, not a live agent query.",not recorded,,2026-10-01,No,,,High,,,,,,,"default, not verified",,,,"cpg_4_A,csf_DE_CM_09,nist80053_SI-4,cis_13_2"
EGP-460F30CDC5,SI-4,Missing EDR on jump-unmanaged,"jump-unmanaged export lists endpoint detection / antivirus as missing. This is an endpoint-posture assessment finding from a dropped MDM export, not evidence of a breach or a live Intune/Jamf/osquery query.",host-wazuh,wazuh:edr-missing,jump-unmanaged,,,"Install the approved EDR/antivirus agent and confirm it reports healthy. This is an MDM file-drop assessment finding, not a live agent query.",not recorded,,2026-10-01,No,,,High,,,,,,,"default, not verified",,,,"cpg_4_A,csf_DE_CM_09,nist80053_SI-4,cis_13_2"
EGP-3F2616BFEB,"AC-6, CM-7, SC-7",Nikto: Admin login page found.,Admin login page found. url=/admin (Nikto file-drop; not a live HTTP probe),vuln-scan,nikto:/admin:url:/admin,http://10.0.0.20,,,"Remove or restrict /admin (and sibling login/manager consoles) so they are not reachable from untrusted networks. Require SSO or VPN. This is a Nikto file-drop finding, not a live HTTP probe and not a hostname inventory row.",2026-09-04,,2026-10-01,No,,,High,,,,,,,"default, not verified",,,,"cpg_3_I,csf_PR_AA_05,nist80053_AC-6,nist80053_CM-7,nist80053_SC-7"
EGP-5C40B48DB9,"SI-2, SC-8, RA-5",OpenSSL Heartbleed,TLS heartbeat read overrun on web-01.,vuln-scan,greenbone:1.3.6.1.4.1.25623.1.0.103234,10.0.0.30,,,"Upgrade the TLS stack so Heartbleed is not offered, then regenerate private keys and reissue certificates (CISA TA14-098A). This is a dropped TLS export, not a live probe.",2026-09-15,,2026-10-01,No,,,High,,,,,,,"default, not verified",,,,"cpg_2_B,csf_PR_PS_02,nist80053_SI-2,nist80053_SC-8,nist80053_RA-5"
EGP-1B99193A54,"SI-10, SA-11",Possible SQL injection via string format,Possible SQL injection via string format,code-secrets,sarif:python.lang.security.audit.sql-injection,services/payments/query.py,,,"Parameterize queries. Do not concatenate untrusted input into SQL. This is a SAST/SARIF finding, not a CVE.",2026-09-13,,2026-10-01,No,,,High,,,,,,,"default, not verified",,,,"cpg_2_B,csf_PR_PS_06,nist80053_SI-10,nist80053_SA-11"
EGP-3A05A7B4C5,"AC-2, AC-6",Privileged role,"Export lists SUPER_ADMIN for it-admin@example.com. This is not a Global Administrator claim. This is an identity-posture assessment finding from a dropped IdP export, not evidence of a breach or a live Graph/Okta/Google API call.",saas-idp,saas:role:SUPER_ADMIN:name:privileged role,example.okta.com,,,"Confirm the admin role from the dropped IdP export. isAdmin means any admin role, not Global Administrator. This is not a Graph or Okta API call.",not recorded,,2026-10-01,No,,,High,,,,,,,"default, not verified",,,,"cpg_unmapped,csf_unmapped,nist80053_AC-2,nist80053_AC-6"
EGP-DCA63D5B12,"AC-2, AC-6",Privileged role (unspecified),"Export lists Privileged role (unspecified) for admin@example.com. This is not a Global Administrator claim. This is an identity-posture assessment finding from a dropped IdP export, not evidence of a breach or a live Graph/Okta/Google API call.",saas-idp,saas:role:Privileged role (unspecified):name:privileged role (unspecified),example.com,,,"Confirm the admin role from the dropped IdP export. isAdmin means any admin role, not Global Administrator. This is not a Graph or Okta API call.",not recorded,,2026-10-01,No,,,High,,,,,,,"default, not verified",,,,"cpg_unmapped,csf_unmapped,nist80053_AC-2,nist80053_AC-6"
EGP-4EEEE5EE04,"IA-2, IA-2(1)",Privileged users require MFA,Admin MFA not enforced for Global Administrator,saas-idp,saas:Privileged users require MFA,contoso.onmicrosoft.com,,,Enforce MFA on privileged Okta/Entra/Google roles from the dropped ScubaGear or Okta export. This is not a Graph or Okta API call.,2026-09-16,,2026-10-01,No,,,High,,,,,,,"default, not verified",,,,"cpg_3_F,csf_PR_AA_03,nist80053_IA-2,nist80053_IA-2(1)"
EGP-715049DEA3,"SC-7, AC-3",RDS instance not publicly accessible,RDS instance PubliclyAccessible=true.,cloud-prowler,prowler:rds_instance_no_public_access,rds-app-prod,,,"Set PubliclyAccessible=false and place the instance in private subnets. This is an RDS exposure finding, not a CVE.",2026-09-14,,2026-10-01,No,,,High,,,,,,,"default, not verified",,,,"cpg_3_S,csf_PR_IR_01,nist80053_SC-7,nist80053_AC-3"
EGP-647DE09109,"IA-2, AC-3, CM-6, CM-7, SC-7",Redis without auth,"Unauthenticated Redis on three LAB-shaped demo hosts. Same template, three assets. DEMO estate — not a client KEEP.",vuln-scan,nuclei:exposed-redis,https://redis-a.lab.internal,,,"Enable Redis ACL users or requirepass with a strong secret, set protected-mode yes, bind Redis to localhost or a private interface only, and firewall TCP/6379. Deny dangerous commands with ACL rules (for example -@dangerous) instead of rename-command. Rescan with nmap redis-info to verify INFO is refused.",2026-09-11,,2026-10-01,No,,,High,,,,,,,"default, not verified",,,,"cpg_3_I,csf_PR_AA_03,nist80053_IA-2,nist80053_AC-3,nist80053_CM-6,nist80053_CM-7,nist80053_SC-7,cis_4_1,cis_4_8,cis_5_2"
EGP-E5A5AF0149,"IA-2, AC-3, CM-6, CM-7, SC-7",Redis without auth,"Unauthenticated Redis on three LAB-shaped demo hosts. Same template, three assets. DEMO estate — not a client KEEP.",vuln-scan,nuclei:exposed-redis,https://redis-b.lab.internal,,,"Enable Redis ACL users or requirepass with a strong secret, set protected-mode yes, bind Redis to localhost or a private interface only, and firewall TCP/6379. Deny dangerous commands with ACL rules (for example -@dangerous) instead of rename-command. Rescan with nmap redis-info to verify INFO is refused.",2026-09-11,,2026-10-01,No,,,High,,,,,,,"default, not verified",,,,"cpg_3_I,csf_PR_AA_03,nist80053_IA-2,nist80053_AC-3,nist80053_CM-6,nist80053_CM-7,nist80053_SC-7,cis_4_1,cis_4_8,cis_5_2"
EGP-B57CE7F3B7,"IA-2, AC-3, CM-6, CM-7, SC-7",Redis without auth,"Unauthenticated Redis on three LAB-shaped demo hosts. Same template, three assets. DEMO estate — not a client KEEP.",vuln-scan,nuclei:exposed-redis,https://redis-c.lab.internal,,,"Enable Redis ACL users or requirepass with a strong secret, set protected-mode yes, bind Redis to localhost or a private interface only, and firewall TCP/6379. Deny dangerous commands with ACL rules (for example -@dangerous) instead of rename-command. Rescan with nmap redis-info to verify INFO is refused.",2026-09-11,,2026-10-01,No,,,High,,,,,,,"default, not verified",,,,"cpg_3_I,csf_PR_AA_03,nist80053_IA-2,nist80053_AC-3,nist80053_CM-6,nist80053_CM-7,nist80053_SC-7,cis_4_1,cis_4_8,cis_5_2"
EGP-A499CB9619,"IA-5, AC-2",Roastable SPN,SVC-KRBTGT-ROAST has an SPN and is kerberoastable.,identity-ad,ad:bh-roastable-spn,SVC-KRBTGT-ROAST,,,"Use a gMSA or rotate the SPN password; avoid user accounts with SPNs. This is a Kerberoast finding, not a secret-in-repo rotation.",2026-09-19,,2026-10-01,No,,,High,,,,,,,"default, not verified",,,,"cpg_3_B,csf_PR_AA_01,nist80053_IA-5,nist80053_AC-2"
EGP-4C075D5324,"IA-5, AC-2",Roastable SPN,SVC-SQL@CORP.LOCAL has an SPN and is kerberoastable.,identity-ad,ad:bh-roastable-spn,SVC-SQL@CORP.LOCAL,,,"Use a gMSA or rotate the SPN password; avoid user accounts with SPNs. This is a Kerberoast finding, not a secret-in-repo rotation.",not recorded,,2026-10-01,No,,,High,,,,,,,"default, not verified",,,,"cpg_3_B,csf_PR_AA_01,nist80053_IA-5,nist80053_AC-2"
EGP-15AD69F129,"IA-2, IA-2(1)",Root account MFA enabled,Root user has no MFA device.,cloud-prowler,prowler:iam_root_mfa_enabled,root,,,"Enable MFA on the account root. Prefer a hardware key. This is a root-identity posture finding, not a CVE.",2026-09-14,,2026-10-01,No,,,High,,,,,,,"default, not verified",,,,"cpg_3_F,csf_PR_AA_03,nist80053_IA-2,nist80053_IA-2(1)"
EGP-C0D7472C4D,"AC-3, AC-6, SC-7",S3 Bucket has an ACL defined which allows public READ access.,CKV_AWS_20 S3 Bucket has an ACL defined which allows public READ access. resource=aws_s3_bucket.demo file=infra/terraform.tfvars (Checkov file-drop; not a live IaC scan),code-secrets,sast:CKV_AWS_20,infra/terraform.tfvars,,,Remove public ACL/policy on the bucket. Keep the object private unless a documented exception exists.,not recorded,,2026-10-01,No,,,High,,,,,,,"default, not verified",,,,"cpg_3_S,csf_PR_AA_05,nist80053_AC-3,nist80053_AC-6,nist80053_SC-7"
EGP-476574DDAC,"AC-3, AC-6, SC-7",S3 bucket allows public access,Bucket demo-asff-open has a public-access block disabled and is reachable by AllUsers.,cloud-prowler,prowler:s3_bucket_public_access,arn:aws:s3:::demo-asff-open,,,"Remove public ACLs and bucket policies (S3 Public Access Block; drop AllUsers/AuthenticatedUsers). This is an ACL/public-access finding, not a default-encryption change.",2026-09-14,,2026-10-01,No,,,High,,,,,,,"default, not verified",,,,"cpg_3_S,csf_PR_AA_05,nist80053_AC-3,nist80053_AC-6,nist80053_SC-7"
EGP-4EBC78720E,"SC-28, SC-13",S3 bucket server-side encryption,ASFF export: encryption not enforced on demo-public-assets.,cloud-prowler,prowler:s3_bucket_server_side_encryption_enabled,arn:aws:s3:::demo-public-assets,,,"Enable default bucket encryption with SSE-S3 or SSE-KMS. This is an encryption-at-rest finding, not a bucket-policy exposure.",2026-09-14,,2026-10-01,No,,,High,,,,,,,"default, not verified",,,,"cpg_3_K,csf_PR_DS_01,nist80053_SC-28,nist80053_SC-13"
EGP-18F6139776,"CM-7, SC-7",SMB 445 exposed,dc.corp.local has open TCP/445 (microsoft-ds).,inventory-nmap,nmap:nmap-port-445/tcp,dc.corp.local (445/TCP),,,"Restrict TCP/445 (SMB) to required admin or file-share hosts. Confirm SMBv1 is disabled on the endpoint. This finding is an open-port exposure, not a dialect or CVE.",2026-09-10,,2026-10-01,No,,,High,,,,,,,"default, not verified",,,,"cpg_3_I,csf_PR_IR_01,nist80053_CM-7,nist80053_SC-7"
EGP-404EF5A7B6,"AC-14, AC-3, IA-2",SMB null session allowed on DC01.CORP.LOCAL,DC01.CORP.LOCAL enum4linux-ng export shows an anonymous/null SMB session.,identity-ad,ad:smb-null-session,DC01.CORP.LOCAL (445/TCP),,,"Disable anonymous/null SMB sessions (RestrictNullSessAccess; no guest). This is a null-session finding, not only an open TCP/445 exposure.",not recorded,,2026-10-01,No,,,High,,,,,,,"default, not verified",,,,"cpg_3_I,csf_PR_AA_05,nist80053_AC-14,nist80053_AC-3,nist80053_IA-2"
EGP-2ED9ACA78F,"SI-8, SC-8",SPF +all on corp.example.invalid,"corp.example.invalid publishes SPF +all (any sender passes). Control gap candidate. This is a Seen DNS/TXT observation (email_dns lane), not mailbox compromise and not a breach.",dns-email,dns-email:spf_pass_all,corp.example.invalid,,,"Replace SPF +all with -all (or a scoped include). This is a Seen DNS control-gap candidate, not a breach.",not recorded,,2026-10-01,No,,,High,,,,,,,"default, not verified",,,,"cpg_3_L,csf_PR_DS_02,nist80053_SI-8,nist80053_SC-8,cis_9_5"
EGP-973D7948A6,"AC-3, AC-6, SC-7",ScoutSuite s3: Bucket readable by AllUsers,s3 Bucket readable by AllUsers,cloud-prowler,prowler:s3-bucket-allusers-read,demo-scout-public,,,"Remove public ACLs and bucket policies (S3 Public Access Block; drop AllUsers/AuthenticatedUsers). This is an ACL/public-access finding, not a default-encryption change.",2026-09-22,,2026-10-01,No,,,High,,,,,,,"default, not verified",,,,"cpg_3_S,csf_PR_AA_05,nist80053_AC-3,nist80053_AC-6,nist80053_SC-7"
EGP-5C35746A8A,SC-7,Sensitive external hostname admin.example.com,admin.example.com is exposed on the public perimeter.,easm,easm:sensitive-hostname,admin.example.com,,,"Do not publish vpn/admin/dev hostnames on the open internet. This is a dropped EASM finding, not a live DNS/HTTP probe.",2026-09-08,,2026-10-01,No,,,High,,,,,,,"default, not verified",,,,"cpg_3_S,csf_PR_IR_01,nist80053_SC-7,cis_1_1"
EGP-445A4362DA,SC-7,Sensitive external hostname dev-api.example.com,dev-api.example.com is exposed on the public perimeter.,easm,easm:sensitive-hostname,dev-api.example.com,,,"Do not publish vpn/admin/dev hostnames on the open internet. This is a dropped EASM finding, not a live DNS/HTTP probe.",2026-09-08,,2026-10-01,No,,,High,,,,,,,"default, not verified",,,,"cpg_3_S,csf_PR_IR_01,nist80053_SC-7,cis_1_1"
EGP-77D7ADC49C,SC-7,Sensitive external hostname vpn.example.com,vpn.example.com is exposed on the public perimeter.,easm,easm:sensitive-hostname,vpn.example.com,,,"Do not publish vpn/admin/dev hostnames on the open internet. This is a dropped EASM finding, not a live DNS/HTTP probe.",not recorded,,2026-10-01,No,,,High,,,,,,,"default, not verified",,,,"cpg_3_S,csf_PR_IR_01,nist80053_SC-7,cis_1_1"
EGP-4010401CDB,AC-2,Stale guest account,"Export lists guest contractor@example.com with a stale last-sign-in (2024-02-01T00:00:00+00:00). Review guest access hygiene. This is an identity-posture assessment finding from a dropped IdP export, not evidence of a breach or a live Graph/Okta/Google API call.",saas-idp,saas:user_type:Guest:name:stale guest account,example.okta.com,,,"Disable or remove guest accounts with stale last-sign-in. This is an IdP file-drop assessment finding, not a Graph/Okta API call.",not recorded,,2026-10-01,No,,,High,,,,,,,"default, not verified",,,,"cpg_3_D,csf_PR_AA_01,nist80053_AC-2"
EGP-249A9C4377,AC-2,Stale guest account,"Export lists guest guest.ext@example.com with a stale last-sign-in (2024-02-01T00:00:00+00:00). Review guest access hygiene. This is an identity-posture assessment finding from a dropped IdP export, not evidence of a breach or a live Graph/Okta/Google API call.",saas-idp,saas:user_type:Guest:name:stale guest account,example.com,,,"Disable or remove guest accounts with stale last-sign-in. This is an IdP file-drop assessment finding, not a Graph/Okta API call.",not recorded,,2026-10-01,No,,,High,,,,,,,"default, not verified",,,,"cpg_3_D,csf_PR_AA_01,nist80053_AC-2"
EGP-AF83F05236,AC-2,Stale guest account,"Export lists guest vendor_ext#EXT#@contoso.onmicrosoft.com with a stale last-sign-in (2024-01-15T00:00:00+00:00). Review guest access hygiene. This is an identity-posture assessment finding from a dropped IdP export, not evidence of a breach or a live Graph/Okta/Google API call.",saas-idp,saas:user_type:Guest:name:stale guest account,contoso.onmicrosoft.com,,,"Disable or remove guest accounts with stale last-sign-in. This is an IdP file-drop assessment finding, not a Graph/Okta API call.",not recorded,,2026-10-01,No,,,High,,,,,,,"default, not verified",,,,"cpg_3_D,csf_PR_AA_01,nist80053_AC-2"
EGP-1216DA041C,"SC-8, SC-13",TLS 1.0 is offered,TLS 1.0 offered,vuln-scan,testssl:TLS1,dev-api.example.com,,,"Disable TLS 1.0 and require TLS 1.2 or newer. This is a dropped TLS export, not a live probe.",2026-09-12,,2026-10-01,No,,,High,,,,,,,"default, not verified",,,,"cpg_3_K,csf_PR_DS_02,nist80053_SC-8,nist80053_SC-13"
EGP-E006BF4DC0,"SC-8, SC-8(1), SC-13",TLS 1.0 offered,TLS 1.0 enabled on vpn.example.com,vuln-scan,vuln:TLS10,vpn.example.com (443/TCP),,,"Disable TLS 1.0 and require TLS 1.2 or newer. This is a dropped TLS export, not a live probe.",not recorded,,2026-10-01,No,,,High,,,,,,,"default, not verified",,,,"cpg_3_K,csf_PR_DS_02,nist80053_SC-8,nist80053_SC-8(1),nist80053_SC-13"
EGP-4D166DC411,"SI-2, RA-5, SC-8",TLS stack is vulnerable to Heartbleed,Heartbleed still offered on TLS,vuln-scan,testssl:heartbleed,dev-api.example.com,,,"Upgrade the TLS stack so Heartbleed is not offered, then regenerate private keys and reissue certificates (CISA TA14-098A). This is a dropped TLS export, not a live probe.",2026-09-12,,2026-10-01,No,,,High,,,,,,,"default, not verified",,,CVE-2014-0160,"cpg_2_B,csf_PR_PS_02,nist80053_SI-2,nist80053_RA-5,nist80053_SC-8"
EGP-47E32EF624,"IA-5, SI-4",TruffleHog AWS,AWS secret in infra/terraform.tfvars value=[REDACTED] verified=False,code-secrets,sast:trufflehog-aws:file:infra/terraform.tfvars,infra/terraform.tfvars,,,"Rotate the secret, revoke the old value, and remove it from the repo. The pack redacts secret material.",not recorded,,2026-10-01,No,,,High,,,,,,,"default, not verified",,,,"cpg_3_C,csf_PR_AA_01,nist80053_IA-5,nist80053_SI-4,cis_3_3"
EGP-2F9B53617E,"AC-6, IA-2",Unconstrained delegation,DC01.CORP.LOCAL has unconstrained Kerberos delegation.,identity-ad,ad:bh-unconstrained-delegation,DC01.CORP.LOCAL,,,"Disable unconstrained delegation; prefer constrained or resource-based. This is a BloodHound file-drop finding, not a live AD call.",not recorded,,2026-10-01,No,,,High,,,,,,,"default, not verified",,,,"cpg_3_H,csf_PR_AA_05,nist80053_AC-6,nist80053_IA-2"
EGP-0CD518B10D,SI-4,Wazuh agent disconnected: db-01,Endpoint db-01 is disconnected; coverage gap.,host-wazuh,wazuh:wazuh-agent-disconnected:db-01,db-01,,,"Reconnect the agent or enroll the host in Fleet/Wazuh. This is a coverage finding from a dropped export, not a live query.",not recorded,,2026-10-01,No,,,High,,,,,,,"default, not verified",,,,"cpg_4_B,csf_DE_CM_01,nist80053_SI-4,cis_13_2"
EGP-E6A90AAF66,SI-4,Wazuh agent disconnected: fleet-laptop-07,Endpoint fleet-laptop-07 is disconnected; coverage gap.,host-wazuh,wazuh:wazuh-agent-disconnected:fleet-laptop-07,fleet-laptop-07,,,"Reconnect the agent or enroll the host in Fleet/Wazuh. This is a coverage finding from a dropped export, not a live query.",not recorded,,2026-10-01,No,,,High,,,,,,,"default, not verified",,,,"cpg_4_B,csf_DE_CM_01,nist80053_SI-4,cis_13_2"
EGP-B867338F75,SI-4,Wazuh agent disconnected: jump-unmanaged,Endpoint jump-unmanaged is never_connected; coverage gap.,host-wazuh,wazuh:wazuh-agent-disconnected:jump-unmanaged,jump-unmanaged,,,"Reconnect the agent or enroll the host in Fleet/Wazuh. This is a coverage finding from a dropped export, not a live query.",not recorded,,2026-10-01,No,,,High,,,,,,,"default, not verified",,,,"cpg_4_B,csf_DE_CM_01,nist80053_SI-4,cis_13_2"
EGP-E94D21F9AB,"AC-17, SC-7",WhatWeb admin interface on admin.example.com,"admin.example.com presents an admin/login interface (title=Admin Login). This is a dropped WhatWeb export, not a live HTTP probe.",easm,easm:whatweb-admin:url:https://admin.example.com/login,admin.example.com,,,"Move the admin UI off the public perimeter or put it behind SSO/VPN. This is a dropped httpx/EASM finding, not a live HTTP probe.",not recorded,,2026-10-01,No,,,High,,,,,,,"default, not verified",,,,"cpg_3_S,csf_PR_IR_01,nist80053_AC-17,nist80053_SC-7"
EGP-38702B2F4D,"AC-3, AC-6, CM-7",Writable SMB share C$ on filesrv.corp.local,"filesrv.corp.local smbmap export shows C$ as READ, WRITE.",inventory-nmap,nmap:smb-share-C$,filesrv.corp.local (445/TCP),,,"Disable or ACL C$/ADMIN$/IPC$ so they are not reachable off the admin network. Restrict TCP/445 (SMB) to the admin network. Confirm SMBv1 is disabled. This is a share-exposure finding, not a dialect or CVE.",not recorded,,2026-10-01,No,,,High,,,,,,,"default, not verified",,,,"cpg_3_I,csf_PR_AA_05,nist80053_AC-3,nist80053_AC-6,nist80053_CM-7"
EGP-6FE30228A9,"SI-2, RA-5",curl SOCKS heap overflow,Heap buffer overflow in curl SOCKS handshake.,vuln-scan,cve:CVE-2023-38545,app-server:latest,,,Upgrade curl/libcurl to 8.4.0 or later so CVE-2023-38545 (SOCKS5 heap buffer overflow) is not present.,2026-09-12,,2026-10-01,No,,,High,,,,,,,"default, not verified",,,CVE-2023-38545,"cpg_2_B,csf_PR_PS_02,nist80053_SI-2,nist80053_RA-5,cis_7_3,cis_7_4,cis_7_7"
EGP-C07EF796F5,"SC-28, MP-5",intune encryption compliance 33.3%,"Export shows 1/3 measured devices encrypted (33.3% compliance). This is an endpoint-posture assessment finding from a dropped MDM export, not evidence of a breach or a live Intune/Jamf/osquery query.",host-wazuh,wazuh:enc-compliance-intune,intune-estate,,,"Enable FileVault, BitLocker, or LUKS on the endpoint. This is a Fleet/Intune/Jamf file-drop finding, not a live agent query.",not recorded,,2026-10-01,No,,,High,,,,,,,"default, not verified",,,,"cpg_3_K,csf_PR_DS_01,nist80053_SC-28,nist80053_MP-5"
EGP-C0595DF5F2,"SC-28, MP-5",jamf encryption compliance 50.0%,"Export shows 1/2 measured devices encrypted (50.0% compliance). This is an endpoint-posture assessment finding from a dropped MDM export, not evidence of a breach or a live Intune/Jamf/osquery query.",host-wazuh,wazuh:enc-compliance-jamf,jamf-estate,,,"Enable FileVault, BitLocker, or LUKS on the endpoint. This is a Fleet/Intune/Jamf file-drop finding, not a live agent query.",not recorded,,2026-10-01,No,,,High,,,,,,,"default, not verified",,,,"cpg_3_K,csf_PR_DS_01,nist80053_SC-28,nist80053_MP-5"
EGP-779757A7FF,"SC-28, MP-5",osquery disk_encryption: Disk encryption is disabled,Disk encryption is disabled,host-wazuh,wazuh:disk_encryption,jump-unmanaged,,,"Enable FileVault, BitLocker, or LUKS on the endpoint. This is a Fleet/Intune/Jamf file-drop finding, not a live agent query.",not recorded,,2026-10-01,No,,,High,,,,,,,"default, not verified",,,,"cpg_3_K,csf_PR_DS_01,nist80053_SC-28,nist80053_MP-5"
EGP-05BE5CCE95,"SI-2, RA-5",semver regular expression DoS,ReDoS in npm semver.,code-secrets,cve:CVE-2022-25883,package-lock.json,,,"Upgrade semver to a release that remediates CVE-2022-25883. This is a vulnerability finding, not a config-drift playbook.",not recorded,,2026-10-01,No,,,High,,,,,,,"default, not verified",,,CVE-2022-25883,"cpg_2_B,csf_PR_PS_02,nist80053_SI-2,nist80053_RA-5,cis_7_3,cis_7_4,cis_7_7"
EGP-D43775CB27,"AC-3, AC-6, CM-7",Administrative share exposed on dc.corp.local (C$/ADMIN$),dc.corp.local has SMB open; C$/ADMIN$ administrative shares should be restricted.,inventory-nmap,nmap:name:administrative share exposed (c$/admin$):service:admin-share,dc.corp.local,,,"Disable or ACL C$/ADMIN$/IPC$ so they are not reachable off the admin network. Restrict TCP/445 (SMB) to the admin network. Confirm SMBv1 is disabled. This is a share-exposure finding, not a dialect or CVE.",2026-09-10,,2026-10-01,No,,,Moderate,,,,,,,"default, not verified",,,,"cpg_3_I,csf_PR_AA_05,nist80053_AC-3,nist80053_AC-6,nist80053_CM-7"
EGP-0361A3226F,"AC-3, AC-6, CM-7",Administrative share exposed on filesrv.corp.local (C$/ADMIN$),filesrv.corp.local has SMB open; C$/ADMIN$ administrative shares should be restricted.,inventory-nmap,nmap:name:administrative share exposed (c$/admin$):service:admin-share,filesrv.corp.local,,,"Disable or ACL C$/ADMIN$/IPC$ so they are not reachable off the admin network. Restrict TCP/445 (SMB) to the admin network. Confirm SMBv1 is disabled. This is a share-exposure finding, not a dialect or CVE.",not recorded,,2026-10-01,No,,,Moderate,,,,,,,"default, not verified",,,,"cpg_3_I,csf_PR_AA_05,nist80053_AC-3,nist80053_AC-6,nist80053_CM-7"
EGP-65380FA86F,"SI-8, SC-8",DKIM selector selector1 missing on mail.example.invalid,"mail.example.invalid has no published DKIM TXT at selector1._domainkey. Control gap candidate. This is a Seen DNS/TXT observation (email_dns lane), not mailbox compromise and not a breach.",dns-email,dns-email:dkim_missing-selector1,mail.example.invalid,,,"Publish v=DKIM1 at <selector>._domainkey for in-SCOPE domains. This is a Seen DNS control-gap candidate, not a breach.",not recorded,,2026-10-01,No,,,Moderate,,,,,,,"default, not verified",,,,"cpg_3_L,csf_PR_DS_02,nist80053_SI-8,nist80053_SC-8,cis_9_5"
EGP-6F936711D9,"SI-8, SC-8",DMARC missing on mail.example.invalid,"mail.example.invalid has no published _dmarc TXT policy. Control gap candidate. This is a Seen DNS/TXT observation (email_dns lane), not mailbox compromise and not a breach.",dns-email,dns-email:dmarc_missing,mail.example.invalid,,,"Publish a _dmarc TXT record (start at p=none, move to quarantine/reject). This is a Seen DNS control-gap candidate, not mailbox compromise and not a breach.",not recorded,,2026-10-01,No,,,Moderate,,,,,,,"default, not verified",,,,"cpg_3_L,csf_PR_DS_02,nist80053_SI-8,nist80053_SC-8,cis_9_5"
EGP-06AA325F5E,"SC-28, SC-13",EBS default encryption enabled,EBS volume unencrypted.,cloud-prowler,prowler:ec2_ebs_default_encryption,vol-jump,,,"Enable EBS default encryption and encrypt the volume (or a snapshot copy). This is block-storage encryption, not an object-store policy change.",2026-09-14,,2026-10-01,No,,,Moderate,,,,,,,"default, not verified",,,,"cpg_3_K,csf_PR_DS_01,nist80053_SC-28,nist80053_SC-13"
EGP-55CA11BC46,"SC-8, SC-8(1), SC-13, SC-17",Expired certificate on mail.example.invalid,"mail.example.invalid presents an expired certificate in a dropped PEM/crt.sh snapshot (Seen, not a live TLS probe). This is a Seen DNS/TXT observation (email_dns lane), not mailbox compromise and not a breach.",dns-email,dns-email:cert_expired,mail.example.invalid (443/TCP),,,"Require TLS 1.2 or newer, disable weak ciphers, and use a valid certificate. This is a posture finding, not a specific TLS CVE.",not recorded,,2026-10-01,No,,,Moderate,,,,,,,"default, not verified",,,,"cpg_3_K,csf_PR_DS_02,nist80053_SC-8,nist80053_SC-8(1),nist80053_SC-13,nist80053_SC-17"
EGP-D3A958743B,"SC-8, SC-8(1), SC-13, SC-17",Expired certificate on vpn.example.invalid,"vpn.example.invalid presents an expired certificate in a dropped PEM/crt.sh snapshot (Seen, not a live TLS probe). This is a Seen DNS/TXT observation (email_dns lane), not mailbox compromise and not a breach.",dns-email,dns-email:cert_expired,vpn.example.invalid (443/TCP),,,"Require TLS 1.2 or newer, disable weak ciphers, and use a valid certificate. This is a posture finding, not a specific TLS CVE.",not recorded,,2026-10-01,No,,,Moderate,,,,,,,"default, not verified",,,,"cpg_3_K,csf_PR_DS_02,nist80053_SC-8,nist80053_SC-8(1),nist80053_SC-13,nist80053_SC-17"
EGP-CB0C07B186,"AC-17, SC-7",Exposed admin panel,Unauthenticated admin UI,vuln-scan,nuclei:exposed-panel,http://10.0.0.20,,,"Move the admin UI off the public perimeter or put it behind SSO/VPN. This is a dropped httpx/EASM finding, not a live HTTP probe.",2026-09-11,,2026-10-01,No,,,Moderate,,,,,,,"default, not verified",,,,"cpg_3_I,csf_PR_IR_01,nist80053_AC-17,nist80053_SC-7"
EGP-BF0609A3D0,"AC-3, AC-6",External sharing restricted,Anyone links enabled on default site,saas-idp,saas:External sharing restricted,contoso.onmicrosoft.com,,,"Disable Anyone links and restrict external sharing to approved domains. This is a dropped Scuba/SharePoint export finding, not a live API call.",2026-09-16,,2026-10-01,No,,,Moderate,,,,,,,"default, not verified",,,,"cpg_3_I,csf_PR_AA_05,nist80053_AC-3,nist80053_AC-6"
EGP-667BD345E8,"AC-2, AC-6",High-value identity,DOMAIN ADMINS@CORP.LOCAL is marked high-value.,identity-ad,ad:bh-high-value,DOMAIN ADMINS@CORP.LOCAL,,,"Remove standing Domain Admins members. This is a dropped identity export, not a live directory call.",not recorded,,2026-10-01,No,,,Moderate,,,,,,,"default, not verified",,,,"cpg_3_H,csf_PR_AA_05,nist80053_AC-2,nist80053_AC-6"
EGP-3D3C6C703A,"AC-17, SC-7",RDP exposed,dc.corp.local has open TCP/3389 (ms-wbt-server).,inventory-nmap,nmap:nmap-port-3389/tcp,dc.corp.local (3389/TCP),,,"Restrict TCP/3389 (RDP) to VPN/jump hosts. Require NLA. This is an exposure finding, not a specific RDP CVE.",2026-09-10,,2026-10-01,No,,,Moderate,,,,,,,"default, not verified",,,,"cpg_3_I,csf_PR_IR_01,nist80053_AC-17,nist80053_SC-7"
EGP-01A7E0C096,"AC-17, SC-7",RDP exposed,filesrv.corp.local has open TCP/3389 (tcp).,inventory-nmap,nmap:nmap-port-3389/tcp,filesrv.corp.local (3389/TCP),,,"Restrict TCP/3389 (RDP) to VPN/jump hosts. Require NLA. This is an exposure finding, not a specific RDP CVE.",2026-09-10,,2026-10-01,No,,,Moderate,,,,,,,"default, not verified",,,,"cpg_3_I,csf_PR_IR_01,nist80053_AC-17,nist80053_SC-7"
EGP-8A3AE2E3B4,SC-7,Sensitive external hostname staging.example.com,staging.example.com is exposed on the public perimeter.,easm,easm:sensitive-hostname,staging.example.com,,,"Do not publish vpn/admin/dev hostnames on the open internet. This is a dropped EASM finding, not a live DNS/HTTP probe.",2026-09-08,,2026-10-01,No,,,Moderate,,,,,,,"default, not verified",,,,"cpg_3_S,csf_PR_IR_01,nist80053_SC-7,cis_1_1"
EGP-5422E0C6EF,"SC-8, SC-8(1), SC-13",TLS weak cipher: vpn.example.com,vpn.example.com presents a weak TLS cipher posture (not a specific CVE).,easm,easm:tls-weak-cipher,vpn.example.com (443/TCP),,,"Require TLS 1.2 or newer, disable weak ciphers, and use a valid certificate. This is a posture finding, not a specific TLS CVE.",2026-09-08,,2026-10-01,No,,,Moderate,,,,,,,"default, not verified",,,,"cpg_3_K,csf_PR_DS_02,nist80053_SC-8,nist80053_SC-8(1),nist80053_SC-13"
EGP-394AAC793B,"SI-7, CM-6, AC-3",Write below binary dir,File below a known binary directory opened for writing (user=root pod=payments-worker),k8s-kubescape,k8s:Write below binary dir,payments-worker,,,"Set readOnlyRootFilesystem and drop root so the workload cannot write under binary dirs. This is a Falco file-drop signal, not a live kubectl call.",2026-09-18,,2026-10-01,No,,,Moderate,,,,,,,"default, not verified",,,,"cpg_4_A,csf_DE_CM_09,nist80053_SI-7,nist80053_CM-6,nist80053_AC-3"
EGP-D100D44047,"SI-2, RA-5",postcss line return parsing,Affected lockfile dependency.,code-secrets,cve:CVE-2023-44270,package-lock.json,,,"Upgrade postcss to a release that remediates CVE-2023-44270. This is a vulnerability finding, not a config-drift playbook.",not recorded,,2026-10-01,No,,,Moderate,,,,,,,"default, not verified",,,CVE-2023-44270,"cpg_2_B,csf_PR_PS_02,nist80053_SI-2,nist80053_RA-5,cis_7_3,cis_7_4,cis_7_7"
EGP-AEAAADBC1F,"SI-8, SC-8",DMARC p=none on corp.example.invalid,"corp.example.invalid publishes DMARC p=none (monitor only). Control gap candidate. This is a Seen DNS/TXT observation (email_dns lane), not mailbox compromise and not a breach.",dns-email,dns-email:dmarc_monitor_only,corp.example.invalid,,,"Move DMARC from p=none to quarantine or reject after reviewing aggregate reports. A TXT record is Seen, not Shown mailbox protection.",not recorded,,2026-10-01,No,,,Low,,,,,,,"default, not verified",,,,"cpg_3_L,csf_PR_DS_02,nist80053_SI-8,nist80053_SC-8,cis_9_5"
EGP-3CACDC27B2,"CM-7, SC-7",HTTP exposed,legacy-ftp.corp.local has open TCP/80 (http).,inventory-nmap,nmap:nmap-port-80/tcp,legacy-ftp.corp.local (80/TCP),,,Limit the exposed service on legacy-ftp.corp.local to required networks. Confirm the listener is still needed.,2026-09-10,,2026-10-01,No,,,Low,,,,,,,"default, not verified",,,,"cpg_3_I,csf_PR_IR_01,nist80053_CM-7,nist80053_SC-7"
EGP-AB1B4DF038,"CM-7, SC-7",HTTP exposed,web-01.corp.local has open TCP/80 (http).,inventory-nmap,nmap:nmap-port-80/tcp,web-01.corp.local (80/TCP),,,Limit the exposed service on web-01.corp.local to required networks. Confirm the listener is still needed.,2026-09-10,,2026-10-01,No,,,Low,,,,,,,"default, not verified",,,,"cpg_3_I,csf_PR_IR_01,nist80053_CM-7,nist80053_SC-7"
EGP-C84FA935DD,"CM-7, SC-7",Open port 135/msrpc,dc.corp.local has open TCP/135 (msrpc).,inventory-nmap,nmap:nmap-port-135/tcp,dc.corp.local (135/TCP),,,Limit the exposed service on dc.corp.local to required networks. Confirm the listener is still needed.,2026-09-10,,2026-10-01,No,,,Low,,,,,,,"default, not verified",,,,"cpg_3_I,csf_PR_IR_01,nist80053_CM-7,nist80053_SC-7"
EGP-C26D472FE3,"CM-7, SC-7",Open port 139/netbios-ssn,filesrv.corp.local has open TCP/139 (netbios-ssn).,inventory-nmap,nmap:nmap-port-139/tcp,filesrv.corp.local (139/TCP),,,Limit the exposed service on filesrv.corp.local to required networks. Confirm the listener is still needed.,2026-09-10,,2026-10-01,No,,,Low,,,,,,,"default, not verified",,,,"cpg_3_I,csf_PR_IR_01,nist80053_CM-7,nist80053_SC-7"
EGP-470D8E6BC5,"CM-7, SC-7",Open port 389/ldap,dc.corp.local has open TCP/389 (ldap).,inventory-nmap,nmap:nmap-port-389/tcp,dc.corp.local (389/TCP),,,Limit the exposed service on dc.corp.local to required networks. Confirm the listener is still needed.,2026-09-10,,2026-10-01,No,,,Low,,,,,,,"default, not verified",,,,"cpg_3_I,csf_PR_IR_01,nist80053_CM-7,nist80053_SC-7"
EGP-591DBD3BA9,"CM-7, SC-7",Open port 88/kerberos-sec,dc.corp.local has open TCP/88 (kerberos-sec).,inventory-nmap,nmap:nmap-port-88/tcp,dc.corp.local (88/TCP),,,Limit the exposed service on dc.corp.local to required networks. Confirm the listener is still needed.,2026-09-10,,2026-10-01,No,,,Low,,,,,,,"default, not verified",,,,"cpg_3_I,csf_PR_IR_01,nist80053_CM-7,nist80053_SC-7"
EGP-27458F6B45,"SI-8, SC-8",SPF softfail-only on mail.example.invalid,"mail.example.invalid publishes SPF ~all only. Control gap candidate, not a breach. This is a Seen DNS/TXT observation (email_dns lane), not mailbox compromise and not a breach.",dns-email,dns-email:spf_softfail_only,mail.example.invalid,,,"Move SPF from ~all to -all once senders are inventoried. Softfail-only is a hygiene gap, not a breach.",not recorded,,2026-10-01,No,,,Low,,,,,,,"default, not verified",,,,"cpg_3_L,csf_PR_DS_02,nist80053_SI-8,nist80053_SC-8,cis_9_5"
EGP-7726E46AF1,"CM-7, SC-7",SSH exposed,10.0.0.40 has open TCP/22 (ssh).,inventory-nmap,nmap:nmap-port-22/tcp,10.0.0.40 (22/TCP),,,Limit the exposed service on 10.0.0.40 to required networks. Confirm the listener is still needed.,2026-09-10,,2026-10-01,No,,,Low,,,,,,,"default, not verified",,,,"cpg_3_I,csf_PR_IR_01,nist80053_CM-7,nist80053_SC-7"
