weakness,asset,severity,framework_refs,recommended_fix,owner,due,status,estate,poam_id,finding_ref_id,controls,weakness_description,detector_source,weakness_source_id,original_detection_date,scheduled_completion_date,status_date,milestones,original_risk_rating,point_of_contact,cve
Anonymous Kubernetes API access,prod-cluster,critical,"cpg_3_I,csf_PR_AA_05,nist80053_IA-2,nist80053_AC-3","Set --anonymous-auth=false on kube-apiserver. This is a dropped CIS/kube-bench finding, not a live cluster call.",,,open,DEMO: NOT A CLIENT,EGP-BD8368985C,K8S-c-0013-prod-cluster,"IA-2, AC-3",anonymous-auth=true on kube-apiserver,k8s-kubescape (kubescape),C-0013,2026-09-20,2026-10-05,2026-10-03,"M1 2026-09-23 Validate finding, confirm asset owner and scope; M2 2026-09-28 Apply fix: Disable anonymous Kubernetes API access; M3 2026-10-05 Rescan to verify closure and attach evidence",Critical,,
Apache Log4j RCE,https://app.corp.local,critical,"cpg_2_B,csf_ID_RA_01,nist80053_SI-2,nist80053_RA-5","Upgrade Log4j to a fixed release and block JNDI lookups. This is a dropped Nuclei finding, not a live scan.",,,open,DEMO: NOT A CLIENT,EGP-D8920D895C,VULN-cve-2021-44228-https-app-corp-local,"SI-2, RA-5",Log4Shell JNDI lookup,vuln-scan (nuclei),CVE-2021-44228,2026-09-11,2026-09-26,2026-10-03,"M1 2026-09-14 Validate finding, confirm asset owner and scope; M2 2026-09-19 Apply fix: Patch Log4Shell-vulnerable services; M3 2026-09-26 Rescan to verify closure and attach evidence",Critical,,CVE-2021-44228
BloodHound DCSync,SVC-SQL@CORP.LOCAL|CORP.LOCAL,critical,"cpg_3_H,csf_PR_AA_05,nist80053_AC-6,nist80053_AC-2,nist80053_AC-3","Revoke DS-Replication-Get-Changes and DS-Replication-Get-Changes-All (DCSync) from non-DC principals. This is a directory replication-rights finding, not a secret-rotation-only fix.",,,open,DEMO: NOT A CLIENT,EGP-A3038CD302,ID-dcsync-svc-sqlcorp-local-corp-local,"AC-6, AC-2, AC-3",Principal can replicate directory secrets. SVC-SQL@CORP.LOCAL -> CORP.LOCAL,identity-ad,dcsync,not recorded,pending due date,2026-10-03,pending due date,Critical,,
BloodHound GenericAll,HELPDESK@CORP.LOCAL|DOMAIN ADMINS@CORP.LOCAL,critical,"cpg_3_H,csf_PR_AA_05,nist80053_AC-6,nist80053_AC-2","Remove the GenericAll ACE from the principal. This is a BloodHound file-drop finding, not a live AD call.",,,open,DEMO: NOT A CLIENT,EGP-AAC630CCE4,ID-genericall-helpdeskcorp-local-domain-adminscorp-local,"AC-6, AC-2",Full control over the object. HELPDESK@CORP.LOCAL -> DOMAIN ADMINS@CORP.LOCAL,identity-ad,genericall,not recorded,pending due date,2026-10-03,pending due date,Critical,,
Entra GA without PIM,ga@contoso.onmicrosoft.com,critical,"cpg_3_H,csf_PR_AA_05,nist80053_AC-2,nist80053_AC-6,nist80053_AC-5","Use PIM eligible assignments instead of standing Global Administrator. This is a dropped Scuba/Graph export finding, not a Graph API call.",,,open,DEMO: NOT A CLIENT,EGP-F18CA5E082,ID-entra-ga-without-pim-gacontoso-onmicrosoft-com,"AC-2, AC-6, AC-5",ga@contoso.onmicrosoft.com is Global Administrator without PIM eligibility.,identity-ad,bh-entra-ga-no-pim,not recorded,pending due date,2026-10-03,pending due date,Critical,,
Generic API Key,services/payments/config.py,critical,"cpg_3_C,csf_PR_AA_01,nist80053_IA-5,nist80053_SI-4,cis_3_3","Rotate the secret, revoke the old value, and remove it from the repo. The pack redacts secret material.",,,open,DEMO: NOT A CLIENT,EGP-420F81AA88,CODE-generic-api-key-services-payments-config-py,"IA-5, SI-4",Secret rule generic-api-key in services/payments/config.py:12 value=[REDACTED],code-secrets (gitleaks),gitleaks-generic-api-key,not recorded,pending due date,2026-10-03,pending due date,Critical,,
Generic Secret,deploy/.env.sample,critical,"cpg_3_C,csf_PR_AA_01,nist80053_IA-5,nist80053_SI-4,cis_3_3","Rotate the secret, revoke the old value, and remove it from the repo. The pack redacts secret material.",,,open,DEMO: NOT A CLIENT,EGP-5FE9037635,CODE-generic-secret-deploy-env-sample,"IA-5, SI-4",Secret rule generic-secret in deploy/.env.sample:3 value=[REDACTED],code-secrets (gitleaks),gitleaks-generic-secret,not recorded,pending due date,2026-10-03,pending due date,Critical,,
IAM user has standing AdministratorAccess,iam-admin-breakglass,critical,"cpg_3_H,csf_PR_AA_05,nist80053_AC-2,nist80053_AC-6","Detach AdministratorAccess from IAM users. Prefer a role or break-glass group. This is an IAM posture finding, not a CVE.",,,open,DEMO: NOT A CLIENT,EGP-AB11671FFA,CLD-iam-user-administrator-access-123456789012-iam-admin-breakglass,"AC-2, AC-6",User has AdministratorAccess attached directly.,cloud-prowler,iam_user_administrator_access,2026-09-14,2026-09-29,2026-10-03,"M1 2026-09-17 Validate finding, confirm asset owner and scope; M2 2026-09-22 Apply fix: Remove standing IAM AdministratorAccess; M3 2026-09-29 Rescan to verify closure and attach evidence",Critical,,
Launch Privileged Container,prod-cluster|payments-worker,critical,"cpg_3_H,csf_PR_AA_05,nist80053_AC-6,nist80053_CM-7","Do not run privileged=true; block admission of privileged pods. This is a Kubescape/kube-bench/Falco finding from a dropped export, not a live kubectl call.",,,open,DEMO: NOT A CLIENT,EGP-BB7125EC27,K8S-launch-privileged-container-prod-cluster,"AC-6, CM-7",Privileged container started,"k8s-kubescape (kubescape, falco)",Launch Privileged Container,2026-09-18,2026-10-03,2026-10-03,"M1 2026-09-21 Validate finding, confirm asset owner and scope; M2 2026-09-26 Apply fix: Deny privileged Kubernetes containers; M3 2026-10-03 Rescan to verify closure and attach evidence",Critical,,
Okta admin MFA gap,example.okta.com,critical,"cpg_3_F,csf_PR_AA_03,nist80053_IA-2,nist80053_IA-2(1)",Enforce MFA on privileged Okta/Entra/Google roles from the dropped ScubaGear or Okta export. This is not a Graph or Okta API call.,,,open,DEMO: NOT A CLIENT,EGP-03DE2375BD,SAAS-admins-mfa,"IA-2, IA-2(1)",Okta admin MFA enrollment disabled,saas-idp,,not recorded,pending due date,2026-10-03,pending due date,Critical,,
Privileged MFA gap,admin@example.com|example.com,critical,"cpg_3_F,csf_PR_AA_03,nist80053_IA-2,nist80053_IA-2(1)",Enforce MFA on privileged Okta/Entra/Google roles from the dropped ScubaGear or Okta export. This is not a Graph or Okta API call.,,,open,DEMO: NOT A CLIENT,EGP-0AF7CB2826,SAAS-mfa-gap-adminexample-com,"IA-2, IA-2(1)","Export lists admin@example.com without MFA registered while holding Privileged role (unspecified). This is an identity-posture assessment finding from a dropped IdP export, not evidence of a breach or a live Graph/Okta/Google API call.",saas-idp,,not recorded,pending due date,2026-10-03,pending due date,Critical,,
Privileged MFA gap,it-admin@example.com|example.okta.com,critical,"cpg_3_F,csf_PR_AA_03,nist80053_IA-2,nist80053_IA-2(1)",Enforce MFA on privileged Okta/Entra/Google roles from the dropped ScubaGear or Okta export. This is not a Graph or Okta API call.,,,open,DEMO: NOT A CLIENT,EGP-9669766F6B,SAAS-mfa-gap-it-adminexample-com,"IA-2, IA-2(1)","Export lists it-admin@example.com without MFA registered while holding SUPER_ADMIN. This is an identity-posture assessment finding from a dropped IdP export, not evidence of a breach or a live Graph/Okta/Google API call.",saas-idp,,not recorded,pending due date,2026-10-03,pending due date,Critical,,
Privileged roles use PIM,contoso.onmicrosoft.com,critical,"cpg_3_H,csf_PR_AA_05,nist80053_AC-2,nist80053_AC-6,nist80053_AC-5","Use PIM eligible assignments instead of standing Global Administrator. This is a dropped Scuba/Graph export finding, not a Graph API call.",,,open,DEMO: NOT A CLIENT,EGP-8F1A843A26,SAAS-privileged-roles-use-pim-contoso-onmicrosoft-com,"AC-2, AC-6, AC-5",Global Administrator assigned permanently,saas-idp (scuba),Privileged roles use PIM,2026-09-16,2026-10-01,2026-10-03,"M1 2026-09-19 Validate finding, confirm asset owner and scope; M2 2026-09-24 Apply fix: Remove standing Global Administrator assignment; M3 2026-10-01 Rescan to verify closure and attach evidence",Critical,,
S3 bucket allows public access,demo-public-assets,critical,"cpg_3_S,csf_PR_AA_05,nist80053_AC-3,nist80053_AC-6,nist80053_SC-7","Remove public ACLs and bucket policies (S3 Public Access Block; drop AllUsers/AuthenticatedUsers). This is an ACL/public-access finding, not a default-encryption change.",,,open,DEMO: NOT A CLIENT,EGP-48F4BD4DB7,CLD-s3-bucket-public-access-123456789012-demo-public-assets,"AC-3, AC-6, SC-7",Bucket ACL and policy allow public List/Get.,cloud-prowler,s3_bucket_public_access,2026-09-14,2026-09-29,2026-10-03,"M1 2026-09-17 Validate finding, confirm asset owner and scope; M2 2026-09-22 Apply fix: Block public object-storage ACL and policy; M3 2026-09-29 Rescan to verify closure and attach evidence",Critical,,
Telnet exposed,filesrv.corp.local,critical,"cpg_3_I,csf_PR_IR_01,nist80053_CM-7,nist80053_SC-8,nist80053_AC-17",Disable Telnet (TCP/23). Use SSH or an approved jump host. Do not leave cleartext remote admin on the network.,,,open,DEMO: NOT A CLIENT,EGP-CB4A3A6DD9,NMAP-filesrv-corp-local-23-tcp,"CM-7, SC-8, AC-17",filesrv.corp.local has open TCP/23 (tcp).,inventory-nmap (nmap),nmap-port-23/tcp,2026-09-09,2026-09-24,2026-10-03,"M1 2026-09-12 Validate finding, confirm asset owner and scope; M2 2026-09-17 Apply fix: Disable Telnet; require encrypted remote admin; M3 2026-09-24 Rescan to verify closure and attach evidence",Critical,,
Telnet exposed,telnet-legacy.corp.local,critical,"cpg_3_I,csf_PR_IR_01,nist80053_CM-7,nist80053_SC-8,nist80053_AC-17",Disable Telnet (TCP/23). Use SSH or an approved jump host. Do not leave cleartext remote admin on the network.,,,open,DEMO: NOT A CLIENT,EGP-3ACA3100FE,NMAP-telnet-legacy-corp-local-23-tcp,"CM-7, SC-8, AC-17",telnet-legacy.corp.local has open TCP/23 (telnet).,inventory-nmap (nmap),nmap-port-23/tcp,2026-09-10,2026-09-25,2026-10-03,"M1 2026-09-13 Validate finding, confirm asset owner and scope; M2 2026-09-18 Apply fix: Disable Telnet; require encrypted remote admin; M3 2026-09-25 Rescan to verify closure and attach evidence",Critical,,
TruffleHog Github,scripts/deploy.sh,critical,"cpg_3_C,csf_PR_AA_01,nist80053_IA-5,nist80053_SI-4,cis_3_3","Rotate the secret, revoke the old value, and remove it from the repo. The pack redacts secret material.",,,open,DEMO: NOT A CLIENT,EGP-00F8CF94F1,CODE-trufflehog-github-scripts-deploy-sh,"IA-5, SI-4",Github secret in scripts/deploy.sh value=[REDACTED] verified=True,code-secrets (trufflehog),trufflehog-github,not recorded,pending due date,2026-10-03,pending due date,Critical,,
xz-utils supply chain backdoor,app-server:latest,critical,"cpg_2_B,csf_PR_PS_02,nist80053_SI-2,nist80053_RA-5,cis_7_3,cis_7_4,cis_7_7","Replace xz-utils/liblzma 5.6.0/5.6.1 (the backdoored builds) with a clean package (5.4.x or a later rebuilt release). Rotate credentials or keys that may have been exposed on hosts that ran the backdoored library. This is a supply-chain CVE, not a config-drift finding.",,,open,DEMO: NOT A CLIENT,EGP-22A5685F02,VULN-cve-2024-3094-app-server-latest,"SI-2, RA-5",Malicious code in xz-utils liblzma.,vuln-scan (trivy),,2026-09-12,2026-09-27,2026-10-03,"M1 2026-09-15 Validate finding, confirm asset owner and scope; M2 2026-09-20 Apply fix: Remove the xz-utils/liblzma backdoor; M3 2026-09-27 Rescan to verify closure and attach evidence",Critical,,CVE-2024-3094
AS-REP roastable account,SVC-KRBTGT-ROAST,high,"cpg_3_B,csf_PR_AA_01,nist80053_IA-2,nist80053_AC-2","Uncheck 'Do not require Kerberos preauthentication'. This is a BloodHound file-drop finding, not a live AD call.",,,open,DEMO: NOT A CLIENT,EGP-98AE62B10D,ID-as-rep-roastable-account-svc-krbtgt-roast,"IA-2, AC-2",SVC-KRBTGT-ROAST does not require Kerberos preauth.,identity-ad,bh-asrep-roastable,2026-09-19,2026-10-19,2026-10-03,"M1 2026-09-26 Validate finding, confirm asset owner and scope; M2 2026-10-12 Apply fix: Require Kerberos preauthentication; M3 2026-10-19 Rescan to verify closure and attach evidence",High,,
Allow privilege escalation,prod-cluster,high,"cpg_3_H,csf_PR_AA_05,nist80053_AC-6,nist80053_CM-7","Set allowPrivilegeEscalation=false. This is a dropped Kubescape finding, not a live kubectl call.",,,open,DEMO: NOT A CLIENT,EGP-AC949F573B,K8S-c-0034-prod-cluster,"AC-6, CM-7",allowPrivilegeEscalation not set false,k8s-kubescape (kubescape),C-0034,2026-09-20,2026-10-20,2026-10-03,"M1 2026-09-27 Validate finding, confirm asset owner and scope; M2 2026-10-13 Apply fix: Block Kubernetes privilege escalation; M3 2026-10-20 Rescan to verify closure and attach evidence",High,,
Anonymous authentication is not enabled,cluster,high,"cpg_3_I,csf_PR_AA_05,nist80053_IA-2,nist80053_AC-3","Set --anonymous-auth=false on kube-apiserver. This is a dropped CIS/kube-bench finding, not a live cluster call.",,,open,DEMO: NOT A CLIENT,EGP-43DA96FE7C,K8S-1-2-1-cluster,"IA-2, AC-3",Anonymous authentication is not enabled,"k8s-kubescape (kubescape, kube-bench)",1.2.1,not recorded,pending due date,2026-10-03,pending due date,High,,
Backup Operators privileged group,BACKUP OPERATORS@CORP.LOCAL,high,"cpg_3_H,csf_PR_AA_05,nist80053_AC-2,nist80053_AC-6","Remove standing Backup Operators members. This is a BloodHound/PingCastle file-drop finding, not a live AD call.",,,open,DEMO: NOT A CLIENT,EGP-E1558E18BC,ID-backup-operators-privileged-group-backup-operatorscorp-local,"AC-2, AC-6",Members can dump SAM / seize privileged files.,identity-ad,bh-backup-operators,not recorded,pending due date,2026-10-03,pending due date,High,,
BloodHound AdminTo,HELPDESK@CORP.LOCAL|DC01.CORP.LOCAL,high,"cpg_3_H,csf_PR_AA_05,nist80053_AC-6,nist80053_AC-2","Remove the AdminTo local-admin edge; prefer just-in-time privileged access. This is a BloodHound file-drop finding, not a live AD call.",,,open,DEMO: NOT A CLIENT,EGP-8C0E1B1BDB,ID-adminto-helpdeskcorp-local-dc01-corp-local,"AC-6, AC-2",Principal has local admin on the target. HELPDESK@CORP.LOCAL -> DC01.CORP.LOCAL,identity-ad,adminto,not recorded,pending due date,2026-10-03,pending due date,High,,
CIS-CAT 5.2.10: Ensure SSH PermitRootLogin is no,jump-unmanaged,high,"cpg_3_H,csf_PR_AA_05,nist80053_IA-2,nist80053_AC-6","Set PermitRootLogin no and use a named sudo account. This is a Lynis/OpenSCAP posture finding, not a CVE.",,,open,DEMO: NOT A CLIENT,EGP-089D0D23BF,WAZ-cis-5-2-10-jump-unmanaged,"IA-2, AC-6",Ensure SSH PermitRootLogin is no,host-wazuh,5.2.10,not recorded,pending due date,2026-10-03,pending due date,High,,
Cloud Custodian s3-encryption-missing,arn:aws:s3:::demo-unencrypted-tmp,high,"cpg_3_K,csf_PR_DS_01,nist80053_SC-28,nist80053_SC-13","Enable default bucket encryption with SSE-S3 or SSE-KMS. This is an encryption-at-rest finding, not a bucket-policy exposure.",,,open,DEMO: NOT A CLIENT,EGP-6AC29500A4,CLD-s3-encryption-missing-arn-aws-s3-demo-unencrypted-tmp,"SC-28, SC-13",S3 bucket without default encryption,cloud-prowler,s3-encryption-missing,2026-09-24,2026-10-24,2026-10-03,"M1 2026-10-01 Validate finding, confirm asset owner and scope; M2 2026-10-17 Apply fix: Enable S3 default encryption (SSE-S3 or SSE-KMS); M3 2026-10-24 Rescan to verify closure and attach evidence",High,,
CloudTrail multi-region trail is missing,acct-123456789012,high,"cpg_3_Q,csf_DE_CM_09,nist80053_AU-2,nist80053_AU-3,nist80053_AU-12","Create a multi-region CloudTrail trail with log-file validation to a locked log bucket. This is an audit-logging finding, not encryption or public-access.",,,open,DEMO: NOT A CLIENT,EGP-BC9939439E,CLD-cloudtrail-multi-region-enabled-123456789012-acct-123456789012,"AU-2, AU-3, AU-12",No multi-region CloudTrail trail.,cloud-prowler,cloudtrail_multi_region_enabled,2026-09-14,2026-10-14,2026-10-03,"M1 2026-09-21 Validate finding, confirm asset owner and scope; M2 2026-10-07 Apply fix: Enable multi-region CloudTrail logging; M3 2026-10-14 Rescan to verify closure and attach evidence",High,,
"DEMO — possible command injection (fixture, not a scan)",app-01.demo.internal,high,"cpg_2_B,csf_PR_PS_06,nist80053_SI-10,nist80053_SA-11","Do not pass untrusted input to a shell. Use argv arrays or a safe API. This is a SAST/SARIF finding, not a CVE.",,,open,DEMO: NOT A CLIENT,EGP-916954FE99,VULN-python-lang-security-audit-command-injection-app-01-demo-internal,"SI-10, SA-11","DEMO — possible command injection (fixture, not a scan)","vuln-scan (sarif, nuclei)",python.lang.security.audit.command-injection,2026-09-13,2026-10-13,2026-10-03,"M1 2026-09-20 Validate finding, confirm asset owner and scope; M2 2026-10-06 Apply fix: Stop OS command injection; M3 2026-10-13 Rescan to verify closure and attach evidence",High,,
Default security group allows inbound traffic,sg-default,high,"cpg_3_S,csf_PR_IR_01,nist80053_SC-7,nist80053_AC-3","Remove 0.0.0.0/0 ingress. Allow only required CIDRs or prefix lists. This is a network-exposure finding, not a CVE.",,,open,DEMO: NOT A CLIENT,EGP-D4C1B8A8D7,CLD-ec2-securitygroup-allow-ingress-from-internet-to-any-port-123456789012-sg-default,"SC-7, AC-3",Default SG allows 0.0.0.0/0 on all ports.,cloud-prowler,ec2_securitygroup_allow_ingress_from_internet_to_any_port,2026-09-14,2026-10-14,2026-10-03,"M1 2026-09-21 Validate finding, confirm asset owner and scope; M2 2026-10-07 Apply fix: Restrict security-group ingress from the internet; M3 2026-10-14 Rescan to verify closure and attach evidence",High,,
Disk encryption disabled on fleet-laptop-07,fleet-laptop-07,high,"cpg_3_K,csf_PR_DS_01,nist80053_SC-28,nist80053_MP-5","Enable FileVault, BitLocker, or LUKS on the endpoint. This is a Fleet/Intune/Jamf file-drop finding, not a live agent query.",,,open,DEMO: NOT A CLIENT,EGP-124FDB7417,WAZ-diskenc-intune-fleet-laptop-07,"SC-28, MP-5","fleet-laptop-07 export lists disk encryption as not enabled. This is an endpoint-posture assessment finding from a dropped MDM export, not evidence of a breach or a live Intune/Jamf/osquery query.",host-wazuh,disk-encryption-disabled,not recorded,pending due date,2026-10-03,pending due date,High,,
Disk encryption disabled on jump-unmanaged,jump-unmanaged,high,"cpg_3_K,csf_PR_DS_01,nist80053_SC-28,nist80053_MP-5","Enable FileVault, BitLocker, or LUKS on the endpoint. This is a Fleet/Intune/Jamf file-drop finding, not a live agent query.",,,open,DEMO: NOT A CLIENT,EGP-38ED15393B,WAZ-diskenc-intune-jump-unmanaged,"SC-28, MP-5","jump-unmanaged export lists disk encryption as not enabled. This is an endpoint-posture assessment finding from a dropped MDM export, not evidence of a breach or a live Intune/Jamf/osquery query.",host-wazuh,disk-encryption-disabled,not recorded,pending due date,2026-10-03,pending due date,High,,
Domain Admins group listed,DC01.CORP.LOCAL,high,"cpg_3_H,csf_PR_AA_05,nist80053_AC-2,nist80053_AC-6","Remove standing Domain Admins members. This is a dropped identity export, not a live directory call.",,,open,DEMO: NOT A CLIENT,EGP-04F1E588B0,ID-domain-admins-group-listed-dc01-corp-local,"AC-2, AC-6",DC01.CORP.LOCAL export lists Domain Admins.,identity-ad,ad-domain-admins,not recorded,pending due date,2026-10-03,pending due date,High,,
Exposed admin interface on admin.example.com,admin.example.com,high,"cpg_3_S,csf_PR_IR_01,nist80053_AC-17,nist80053_SC-7","Move the admin UI off the public perimeter or put it behind SSO/VPN. This is a dropped httpx/EASM finding, not a live HTTP probe.",,,open,DEMO: NOT A CLIENT,EGP-921A461C91,EASM-admin-example-com-url-https-admin-example-com,"AC-17, SC-7","admin.example.com presents https://admin.example.com (title=Admin, pageType=[n/a]).",easm,httpx-admin,2026-09-08,2026-10-08,2026-10-03,"M1 2026-09-15 Validate finding, confirm asset owner and scope; M2 2026-10-01 Apply fix: Restrict exposed admin interfaces; M3 2026-10-08 Rescan to verify closure and attach evidence",High,,
Exposed admin interface on admin.example.com,admin.example.com,high,"cpg_3_S,csf_PR_IR_01,nist80053_AC-17,nist80053_SC-7","Move the admin UI off the public perimeter or put it behind SSO/VPN. This is a dropped httpx/EASM finding, not a live HTTP probe.",,,open,DEMO: NOT A CLIENT,EGP-09B17D457B,EASM-admin-example-com-url-login,"AC-17, SC-7","admin.example.com presents /login (title=Admin login, pageType=[n/a]).",easm,httpx-admin,2026-09-08,2026-10-08,2026-10-03,"M1 2026-09-15 Validate finding, confirm asset owner and scope; M2 2026-10-01 Apply fix: Restrict exposed admin interfaces; M3 2026-10-08 Rescan to verify closure and attach evidence",High,,
Exposed admin interface path on admin.example.com,admin.example.com,high,"cpg_3_S,csf_PR_IR_01,nist80053_AC-17,nist80053_SC-7","Move the admin UI off the public perimeter or put it behind SSO/VPN. This is a dropped httpx/EASM finding, not a live HTTP probe.",,,open,DEMO: NOT A CLIENT,EGP-5846F7C0DD,EASM-admin-example-com-path-admin,"AC-17, SC-7","admin.example.com exposes /admin (status=200). This is a dropped ffuf/gobuster finding, not a live HTTP probe.",easm,path-exposure-admin,2026-09-07,2026-10-07,2026-10-03,"M1 2026-09-14 Validate finding, confirm asset owner and scope; M2 2026-09-30 Apply fix: Restrict exposed admin interfaces; M3 2026-10-07 Rescan to verify closure and attach evidence",High,,
FTP exposed,filesrv.corp.local,high,"cpg_3_I,csf_PR_IR_01,nist80053_CM-7,nist80053_SC-8",Disable FTP (TCP/21) or replace with SFTP/FTPS. Restrict any remaining listener to a management VLAN.,,,open,DEMO: NOT A CLIENT,EGP-452E20FDD5,NMAP-filesrv-corp-local-21-tcp,"CM-7, SC-8",filesrv.corp.local has open TCP/21 (tcp).,inventory-nmap (nmap),nmap-port-21/tcp,not recorded,pending due date,2026-10-03,pending due date,High,,
FTP exposed,legacy-ftp.corp.local,high,"cpg_3_I,csf_PR_IR_01,nist80053_CM-7,nist80053_SC-8",Disable FTP (TCP/21) or replace with SFTP/FTPS. Restrict any remaining listener to a management VLAN.,,,open,DEMO: NOT A CLIENT,EGP-8BF0FD466C,NMAP-legacy-ftp-corp-local-21-tcp,"CM-7, SC-8",legacy-ftp.corp.local has open TCP/21 (ftp).,inventory-nmap (nmap),nmap-port-21/tcp,2026-09-10,2026-10-10,2026-10-03,"M1 2026-09-17 Validate finding, confirm asset owner and scope; M2 2026-10-03 Apply fix: Disable or lock down cleartext FTP; M3 2026-10-10 Rescan to verify closure and attach evidence",High,,
HTTP/2 Rapid Reset,https://dev-api.example.com,high,"cpg_2_B,csf_PR_PS_02,nist80053_SI-2,nist80053_RA-5,cis_7_3,cis_7_4,cis_7_7","Upgrade the HTTP/2 stack (nginx, Envoy, load balancer, or language runtime) to a release that limits or rejects Rapid Reset; disable HTTP/2 only if a patch is not available.",,,open,DEMO: NOT A CLIENT,EGP-6AE827EABE,VULN-cve-2023-44487-https-dev-api-example-com,"SI-2, RA-5",HTTP/2 rapid reset DoS,vuln-scan (nuclei),CVE-2023-44487,2026-09-11,2026-10-11,2026-10-03,"M1 2026-09-18 Validate finding, confirm asset owner and scope; M2 2026-10-04 Apply fix: Mitigate HTTP/2 Rapid Reset; M3 2026-10-11 Rescan to verify closure and attach evidence",High,,CVE-2023-44487
Hardcoded credential assigned to variable,services/payments/config.py,high,"cpg_3_C,csf_PR_AA_01,nist80053_IA-5,nist80053_SI-4,cis_3_3","Rotate the secret, revoke the old value, and remove it from the repo. The pack redacts secret material.",,,open,DEMO: NOT A CLIENT,EGP-6E2C561DC3,CODE-python-lang-security-audit-hardcoded-password-services-payments-config-py,"IA-5, SI-4",Hardcoded credential assigned to variable,code-secrets (semgrep),python.lang.security.audit.hardcoded-password,not recorded,pending due date,2026-10-03,pending due date,High,,
LM hashes are stored,win-dc01,high,"cpg_3_B,csf_PR_AA_01,nist80053_IA-5,nist80053_SC-13","Disable storage of LAN Manager hashes. Prefer NTLMv2. This is a HardeningKitty/CIS posture finding, not a CVE.",,,open,DEMO: NOT A CLIENT,EGP-39348737E9,ID-hk-18-9-win-dc01,"IA-5, SC-13",Disable LM hash storage result=failed recommended=Enabled actual=[REDACTED],identity-ad (hardeningkitty),18.9,not recorded,pending due date,2026-10-03,pending due date,High,,
Password history is shorter than required,win-dc01,high,"cpg_3_B,csf_PR_AA_01,nist80053_IA-5","Set password history to the recommended length. This is a HardeningKitty/CIS posture finding, not a CVE.",,,open,DEMO: NOT A CLIENT,EGP-8AA3A720F9,ID-hk-1-1-win-dc01,IA-5,Enforce password history result=failed recommended=24 actual=[REDACTED],identity-ad (hardeningkitty),1.1,not recorded,pending due date,2026-10-03,pending due date,High,,
HostNetwork access,prod-cluster,high,"cpg_3_I,csf_PR_IR_01,nist80053_SC-7,nist80053_CM-7","Unset hostNetwork unless the workload is a documented system DaemonSet. This is a dropped Kubescape finding, not a live cluster call.",,,open,DEMO: NOT A CLIENT,EGP-B09502BD02,K8S-c-0041-prod-cluster,"SC-7, CM-7",DaemonSet uses hostNetwork,k8s-kubescape (kubescape),C-0041,2026-09-20,2026-10-20,2026-10-03,"M1 2026-09-27 Validate finding, confirm asset owner and scope; M2 2026-10-13 Apply fix: Avoid hostNetwork on Kubernetes workloads; M3 2026-10-20 Rescan to verify closure and attach evidence",High,,
IAM users should have MFA,iam-user-nomega,high,"cpg_3_F,csf_PR_AA_03,nist80053_IA-2,nist80053_IA-2(1)","Enforce MFA on the IAM user (console login or policy condition). This is a user-MFA gap, not the account-root MFA control.",,,open,DEMO: NOT A CLIENT,EGP-9CD3850AD7,CLD-aws-iam-user-mfa-iam-user-nomega,"IA-2, IA-2(1)",User nomega has no MFA device,cloud-prowler,aws_iam_user_mfa,not recorded,pending due date,2026-10-03,pending due date,High,,
Legacy authentication protocols are enabled,contoso.onmicrosoft.com,high,"cpg_3_F,csf_PR_AA_03,nist80053_IA-2,nist80053_IA-5","Disable IMAP/SMTP basic auth and other legacy authentication protocols. This is a dropped Scuba/IdP export finding, not a Graph API call.",,,open,DEMO: NOT A CLIENT,EGP-D16DD1023F,SAAS-legacy-authentication-protocols-disabled-contoso-onmicrosoft-com,"IA-2, IA-5",M365 legacy auth (IMAP/SMTP basic) still enabled,saas-idp (scuba),Legacy authentication protocols disabled,2026-09-16,2026-10-16,2026-10-03,"M1 2026-09-23 Validate finding, confirm asset owner and scope; M2 2026-10-09 Apply fix: Disable legacy authentication protocols; M3 2026-10-16 Rescan to verify closure and attach evidence",High,,
Host firewall is disabled,jump-unmanaged,high,"cpg_3_I,csf_PR_PS_01,nist80053_SC-7,nist80053_CM-7,nist80053_CM-6","Install and enable a host firewall. This is a Lynis/OpenSCAP posture finding, not a CVE.",,,open,DEMO: NOT A CLIENT,EGP-AF110EE4A0,WAZ-lynis-fire-4590-jump-unmanaged,"SC-7, CM-7, CM-6",No firewall software installed,host-wazuh (lynis),FIRE-4590,2026-09-17,2026-10-17,2026-10-03,"M1 2026-09-24 Validate finding, confirm asset owner and scope; M2 2026-10-10 Apply fix: Enable a host firewall; M3 2026-10-17 Rescan to verify closure and attach evidence",High,,
SSH root login is enabled,jump-unmanaged,high,"cpg_3_H,csf_PR_AA_05,nist80053_IA-2,nist80053_AC-6,nist80053_CM-6","Set PermitRootLogin no and use a named sudo account. This is a Lynis/OpenSCAP posture finding, not a CVE.",,,open,DEMO: NOT A CLIENT,EGP-0C9060D676,WAZ-lynis-ssh-7408-jump-unmanaged,"IA-2, AC-6, CM-6",SSH PermitRootLogin is enabled,host-wazuh (lynis),SSH-7408,2026-09-17,2026-10-17,2026-10-03,"M1 2026-09-24 Validate finding, confirm asset owner and scope; M2 2026-10-10 Apply fix: Disable SSH root login; M3 2026-10-17 Rescan to verify closure and attach evidence",High,,
MDM enrollment off on fleet-laptop-07,fleet-laptop-07,high,"cpg_3_N,csf_PR_PS_01,nist80053_CM-2,nist80053_CM-6","Enroll the host in the approved MDM. This is a Fleet/Intune/Jamf file-drop finding, not a live agent query.",,,open,DEMO: NOT A CLIENT,EGP-EA662AB81B,WAZ-mdm-jamf-fleet-laptop-07,"CM-2, CM-6","fleet-laptop-07 is not enrolled in MDM according to the dropped jamf export. This is an endpoint-posture assessment finding from a dropped MDM export, not evidence of a breach or a live Intune/Jamf/osquery query.",host-wazuh,mdm-unenrolled,not recorded,pending due date,2026-10-03,pending due date,High,,
MDM enrollment off on jump-unmanaged,jump-unmanaged,high,"cpg_3_N,csf_PR_PS_01,nist80053_CM-2,nist80053_CM-6","Enroll the host in the approved MDM. This is a Fleet/Intune/Jamf file-drop finding, not a live agent query.",,,open,DEMO: NOT A CLIENT,EGP-210A7BC0AE,WAZ-mdm-intune-jump-unmanaged,"CM-2, CM-6","jump-unmanaged is not enrolled in MDM according to the dropped intune export. This is an endpoint-posture assessment finding from a dropped MDM export, not evidence of a breach or a live Intune/Jamf/osquery query.",host-wazuh,mdm-unenrolled,not recorded,pending due date,2026-10-03,pending due date,High,,
MFA not registered,bob@contoso.onmicrosoft.com|contoso.onmicrosoft.com,high,"cpg_3_F,csf_PR_AA_03,nist80053_IA-2,nist80053_IA-2(1)",Enforce MFA on privileged Okta/Entra/Google roles from the dropped ScubaGear or Okta export. This is not a Graph or Okta API call.,,,open,DEMO: NOT A CLIENT,EGP-983ABF17E7,SAAS-mfa-gap-bobcontoso-onmicrosoft-com,"IA-2, IA-2(1)","Export lists bob@contoso.onmicrosoft.com without MFA registered. This is an identity-posture assessment finding from a dropped IdP export, not evidence of a breach or a live Graph/Okta/Google API call.",saas-idp,,not recorded,pending due date,2026-10-03,pending due date,High,,
Maester MT.1035,contoso.onmicrosoft.com,high,"cpg_3_F,csf_PR_AA_03,nist80053_IA-2,nist80053_IA-2(1)","Require FIDO2 or another phishing-resistant method for privileged Entra roles. This is a Maester posture finding from a dropped export, not a Graph API call.",,,open,DEMO: NOT A CLIENT,EGP-5BA9098A6F,SAAS-mt-1035-contoso-onmicrosoft-com,"IA-2, IA-2(1)",Privileged users should have phishing-resistant MFA,saas-idp,MT.1035,2026-09-23,2026-10-23,2026-10-03,"M1 2026-09-30 Validate finding, confirm asset owner and scope; M2 2026-10-16 Apply fix: Require phishing-resistant MFA for privileged users; M3 2026-10-23 Rescan to verify closure and attach evidence",High,,
Microsoft Windows SMB Shares Unprivileged Access,http://10.0.0.20,high,"cpg_3_I,csf_PR_IR_01,nist80053_CM-7,nist80053_SC-7","Restrict TCP/445 (SMB) to required admin or file-share hosts. Confirm SMBv1 is disabled on the endpoint. This finding is an open-port exposure, not a dialect or CVE.",,,open,DEMO: NOT A CLIENT,EGP-0682485128,VULN-nessus-42411-http-10-0-0-20-445,"CM-7, SC-7","SMB file sharing is reachable without a privileged account. This is a dropped Nessus export, not a live scan. (Nessus file-drop; not a live scan)",vuln-scan (nessus),42411,2026-09-10,2026-10-10,2026-10-03,"M1 2026-09-17 Validate finding, confirm asset owner and scope; M2 2026-10-03 Apply fix: Harden or restrict SMB file sharing; M3 2026-10-10 Rescan to verify closure and attach evidence",High,,
Minimize the admission of privileged containers,cluster,high,"cpg_3_H,csf_PR_AA_05,nist80053_AC-6,nist80053_CM-7","Do not run privileged=true; block admission of privileged pods. This is a Kubescape/kube-bench/Falco finding from a dropped export, not a live kubectl call.",,,open,DEMO: NOT A CLIENT,EGP-1868797036,K8S-5-2-1-cluster,"AC-6, CM-7",Minimize the admission of privileged containers,"k8s-kubescape (kubescape, kube-bench)",5.2.1,not recorded,pending due date,2026-10-03,pending due date,High,,
Missing EDR on fleet-laptop-07,fleet-laptop-07,high,"cpg_4_A,csf_DE_CM_09,nist80053_SI-4,cis_13_2","Install the approved EDR/antivirus agent and confirm it reports healthy. This is an MDM file-drop assessment finding, not a live agent query.",,,open,DEMO: NOT A CLIENT,EGP-2AE478D2A9,WAZ-edr-intune-fleet-laptop-07,SI-4,"fleet-laptop-07 export lists endpoint detection / antivirus as missing. This is an endpoint-posture assessment finding from a dropped MDM export, not evidence of a breach or a live Intune/Jamf/osquery query.",host-wazuh,edr-missing,not recorded,pending due date,2026-10-03,pending due date,High,,
Missing EDR on jump-unmanaged,jump-unmanaged,high,"cpg_4_A,csf_DE_CM_09,nist80053_SI-4,cis_13_2","Install the approved EDR/antivirus agent and confirm it reports healthy. This is an MDM file-drop assessment finding, not a live agent query.",,,open,DEMO: NOT A CLIENT,EGP-460F30CDC5,WAZ-edr-intune-jump-unmanaged,SI-4,"jump-unmanaged export lists endpoint detection / antivirus as missing. This is an endpoint-posture assessment finding from a dropped MDM export, not evidence of a breach or a live Intune/Jamf/osquery query.",host-wazuh,edr-missing,not recorded,pending due date,2026-10-03,pending due date,High,,
Nikto: Admin login page found.,http://10.0.0.20,high,"cpg_3_I,csf_PR_AA_05,nist80053_AC-6,nist80053_CM-7,nist80053_SC-7","Remove or restrict /admin (and sibling login/manager consoles) so they are not reachable from untrusted networks. Require SSO or VPN. This is a Nikto file-drop finding, not a live HTTP probe and not a hostname inventory row.",,,open,DEMO: NOT A CLIENT,EGP-3F2616BFEB,VULN-nikto-admin-http-10-0-0-20-admin,"AC-6, CM-7, SC-7",Admin login page found. url=/admin (Nikto file-drop; not a live HTTP probe),"vuln-scan (nikto, nmap, inventory)",/admin,2026-09-04,2026-10-04,2026-10-03,"M1 2026-09-11 Validate finding, confirm asset owner and scope; M2 2026-09-27 Apply fix: Remove or lock down the exposed web admin path; M3 2026-10-04 Rescan to verify closure and attach evidence",High,,
OpenSSL Heartbleed,10.0.0.30,high,"cpg_2_B,csf_PR_PS_02,nist80053_SI-2,nist80053_SC-8,nist80053_RA-5","Upgrade the TLS stack so Heartbleed is not offered, then regenerate private keys and reissue certificates (CISA TA14-098A). This is a dropped TLS export, not a live probe.",,,open,DEMO: NOT A CLIENT,EGP-5C40B48DB9,VULN-1-3-6-1-4-1-25623-1-0-103234-10-0-0-30,"SI-2, SC-8, RA-5",TLS heartbeat read overrun on web-01.,vuln-scan (greenbone),1.3.6.1.4.1.25623.1.0.103234,2026-09-15,2026-10-15,2026-10-03,"M1 2026-09-22 Validate finding, confirm asset owner and scope; M2 2026-10-08 Apply fix: Remediate Heartbleed-vulnerable TLS; M3 2026-10-15 Rescan to verify closure and attach evidence",High,,CVE-2014-0160
Possible SQL injection via string format,services/payments/query.py,high,"cpg_2_B,csf_PR_PS_06,nist80053_SI-10,nist80053_SA-11","Parameterize queries. Do not concatenate untrusted input into SQL. This is a SAST/SARIF finding, not a CVE.",,,open,DEMO: NOT A CLIENT,EGP-1B99193A54,CODE-python-lang-security-audit-sql-injection-services-payments-query-py,"SI-10, SA-11",Possible SQL injection via string format,"code-secrets (sarif, semgrep)",python.lang.security.audit.sql-injection,2026-09-13,2026-10-13,2026-10-03,"M1 2026-09-20 Validate finding, confirm asset owner and scope; M2 2026-10-06 Apply fix: Stop SQL injection in the application; M3 2026-10-13 Rescan to verify closure and attach evidence",High,,
Privileged role,it-admin@example.com|example.okta.com,high,"cpg_unmapped,csf_unmapped,nist80053_AC-2,nist80053_AC-6","Confirm the admin role from the dropped IdP export. isAdmin means any admin role, not Global Administrator. This is not a Graph or Okta API call.",,,open,DEMO: NOT A CLIENT,EGP-3A05A7B4C5,SAAS-standing-admin-it-adminexample-com,"AC-2, AC-6","Export lists SUPER_ADMIN for it-admin@example.com. This is not a Global Administrator claim. This is an identity-posture assessment finding from a dropped IdP export, not evidence of a breach or a live Graph/Okta/Google API call.",saas-idp,,not recorded,pending due date,2026-10-03,pending due date,High,,
Privileged role (unspecified),admin@example.com|example.com,high,"cpg_unmapped,csf_unmapped,nist80053_AC-2,nist80053_AC-6","Confirm the admin role from the dropped IdP export. isAdmin means any admin role, not Global Administrator. This is not a Graph or Okta API call.",,,open,DEMO: NOT A CLIENT,EGP-DCA63D5B12,SAAS-standing-admin-adminexample-com,"AC-2, AC-6","Export lists Privileged role (unspecified) for admin@example.com. This is not a Global Administrator claim. This is an identity-posture assessment finding from a dropped IdP export, not evidence of a breach or a live Graph/Okta/Google API call.",saas-idp,,not recorded,pending due date,2026-10-03,pending due date,High,,
Privileged users require MFA,contoso.onmicrosoft.com,high,"cpg_3_F,csf_PR_AA_03,nist80053_IA-2,nist80053_IA-2(1)",Enforce MFA on privileged Okta/Entra/Google roles from the dropped ScubaGear or Okta export. This is not a Graph or Okta API call.,,,open,DEMO: NOT A CLIENT,EGP-4EEEE5EE04,SAAS-privileged-users-require-mfa-contoso-onmicrosoft-com,"IA-2, IA-2(1)",Admin MFA not enforced for Global Administrator,saas-idp (scuba),Privileged users require MFA,2026-09-16,2026-10-16,2026-10-03,"M1 2026-09-23 Validate finding, confirm asset owner and scope; M2 2026-10-09 Apply fix: Require MFA for privileged SaaS admins; M3 2026-10-16 Rescan to verify closure and attach evidence",High,,
RDS instance is publicly accessible,rds-app-prod,high,"cpg_3_S,csf_PR_IR_01,nist80053_SC-7,nist80053_AC-3","Set PubliclyAccessible=false and place the instance in private subnets. This is an RDS exposure finding, not a CVE.",,,open,DEMO: NOT A CLIENT,EGP-715049DEA3,CLD-rds-instance-no-public-access-123456789012-rds-app-prod,"SC-7, AC-3",RDS instance PubliclyAccessible=true.,cloud-prowler,rds_instance_no_public_access,2026-09-14,2026-10-14,2026-10-03,"M1 2026-09-21 Validate finding, confirm asset owner and scope; M2 2026-10-07 Apply fix: Disable public accessibility on RDS; M3 2026-10-14 Rescan to verify closure and attach evidence",High,,
Redis without auth,https://redis-a.lab.internal,high,"cpg_3_I,csf_PR_AA_03,nist80053_IA-2,nist80053_AC-3,nist80053_CM-6,nist80053_CM-7,nist80053_SC-7,cis_4_1,cis_4_8,cis_5_2","Enable Redis ACL users or requirepass with a strong secret, set protected-mode yes, bind Redis to localhost or a private interface only, and firewall TCP/6379. Deny dangerous commands with ACL rules (for example -@dangerous) instead of rename-command. Rescan with nmap redis-info to verify INFO is refused.",,,open,DEMO: NOT A CLIENT,EGP-647DE09109,VULN-exposed-redis-https-redis-a-lab-internal,"IA-2, AC-3, CM-6, CM-7, SC-7","Unauthenticated Redis on three LAB-shaped demo hosts. Same template, three assets. DEMO estate — not a client KEEP.",vuln-scan (nuclei),exposed-redis,2026-09-11,2026-10-11,2026-10-03,"M1 2026-09-18 Validate finding, confirm asset owner and scope; M2 2026-10-04 Apply fix: Require authentication on Redis; M3 2026-10-11 Rescan to verify closure and attach evidence",High,,
Redis without auth,https://redis-b.lab.internal,high,"cpg_3_I,csf_PR_AA_03,nist80053_IA-2,nist80053_AC-3,nist80053_CM-6,nist80053_CM-7,nist80053_SC-7,cis_4_1,cis_4_8,cis_5_2","Enable Redis ACL users or requirepass with a strong secret, set protected-mode yes, bind Redis to localhost or a private interface only, and firewall TCP/6379. Deny dangerous commands with ACL rules (for example -@dangerous) instead of rename-command. Rescan with nmap redis-info to verify INFO is refused.",,,open,DEMO: NOT A CLIENT,EGP-E5A5AF0149,VULN-exposed-redis-https-redis-b-lab-internal,"IA-2, AC-3, CM-6, CM-7, SC-7","Unauthenticated Redis on three LAB-shaped demo hosts. Same template, three assets. DEMO estate — not a client KEEP.",vuln-scan (nuclei),exposed-redis,2026-09-11,2026-10-11,2026-10-03,"M1 2026-09-18 Validate finding, confirm asset owner and scope; M2 2026-10-04 Apply fix: Require authentication on Redis; M3 2026-10-11 Rescan to verify closure and attach evidence",High,,
Redis without auth,https://redis-c.lab.internal,high,"cpg_3_I,csf_PR_AA_03,nist80053_IA-2,nist80053_AC-3,nist80053_CM-6,nist80053_CM-7,nist80053_SC-7,cis_4_1,cis_4_8,cis_5_2","Enable Redis ACL users or requirepass with a strong secret, set protected-mode yes, bind Redis to localhost or a private interface only, and firewall TCP/6379. Deny dangerous commands with ACL rules (for example -@dangerous) instead of rename-command. Rescan with nmap redis-info to verify INFO is refused.",,,open,DEMO: NOT A CLIENT,EGP-B57CE7F3B7,VULN-exposed-redis-https-redis-c-lab-internal,"IA-2, AC-3, CM-6, CM-7, SC-7","Unauthenticated Redis on three LAB-shaped demo hosts. Same template, three assets. DEMO estate — not a client KEEP.",vuln-scan (nuclei),exposed-redis,2026-09-11,2026-10-11,2026-10-03,"M1 2026-09-18 Validate finding, confirm asset owner and scope; M2 2026-10-04 Apply fix: Require authentication on Redis; M3 2026-10-11 Rescan to verify closure and attach evidence",High,,
Roastable SPN,SVC-KRBTGT-ROAST,high,"cpg_3_B,csf_PR_AA_01,nist80053_IA-5,nist80053_AC-2","Use a gMSA or rotate the SPN password; avoid user accounts with SPNs. This is a Kerberoast finding, not a secret-in-repo rotation.",,,open,DEMO: NOT A CLIENT,EGP-A499CB9619,ID-roastable-spn-svc-krbtgt-roast,"IA-5, AC-2",SVC-KRBTGT-ROAST has an SPN and is kerberoastable.,identity-ad,bh-roastable-spn,2026-09-19,2026-10-19,2026-10-03,"M1 2026-09-26 Validate finding, confirm asset owner and scope; M2 2026-10-12 Apply fix: Harden kerberoastable service accounts; M3 2026-10-19 Rescan to verify closure and attach evidence",High,,
Roastable SPN,SVC-SQL@CORP.LOCAL,high,"cpg_3_B,csf_PR_AA_01,nist80053_IA-5,nist80053_AC-2","Use a gMSA or rotate the SPN password; avoid user accounts with SPNs. This is a Kerberoast finding, not a secret-in-repo rotation.",,,open,DEMO: NOT A CLIENT,EGP-4C075D5324,ID-roastable-spn-svc-sqlcorp-local,"IA-5, AC-2",SVC-SQL@CORP.LOCAL has an SPN and is kerberoastable.,identity-ad,bh-roastable-spn,not recorded,pending due date,2026-10-03,pending due date,High,,
Root account has no MFA,root,high,"cpg_3_F,csf_PR_AA_03,nist80053_IA-2,nist80053_IA-2(1)","Enable MFA on the account root. Prefer a hardware key. This is a root-identity posture finding, not a CVE.",,,open,DEMO: NOT A CLIENT,EGP-15AD69F129,CLD-iam-root-mfa-enabled-123456789012-root,"IA-2, IA-2(1)",Root user has no MFA device.,cloud-prowler,iam_root_mfa_enabled,2026-09-14,2026-10-14,2026-10-03,"M1 2026-09-21 Validate finding, confirm asset owner and scope; M2 2026-10-07 Apply fix: Require MFA on the cloud root account; M3 2026-10-14 Rescan to verify closure and attach evidence",High,,
S3 Bucket has an ACL defined which allows public READ access.,infra/terraform.tfvars,high,"cpg_3_S,csf_PR_AA_05,nist80053_AC-3,nist80053_AC-6,nist80053_SC-7",Remove public ACL/policy on the bucket. Keep the object private unless a documented exception exists.,,,open,DEMO: NOT A CLIENT,EGP-C0D7472C4D,CODE-ckv-aws-20-infra-terraform-tfvars-aws-s3-bucket-demo,"AC-3, AC-6, SC-7",CKV_AWS_20 S3 Bucket has an ACL defined which allows public READ access. resource=aws_s3_bucket.demo file=infra/terraform.tfvars (Checkov file-drop; not a live IaC scan),code-secrets (checkov),CKV_AWS_20,not recorded,pending due date,2026-10-03,pending due date,High,,
S3 bucket allows public access,arn:aws:s3:::demo-asff-open,high,"cpg_3_S,csf_PR_AA_05,nist80053_AC-3,nist80053_AC-6,nist80053_SC-7","Remove public ACLs and bucket policies (S3 Public Access Block; drop AllUsers/AuthenticatedUsers). This is an ACL/public-access finding, not a default-encryption change.",,,open,DEMO: NOT A CLIENT,EGP-476574DDAC,CLD-s3-bucket-public-access-arn-aws-s3-demo-asff-open,"AC-3, AC-6, SC-7",Bucket demo-asff-open has a public-access block disabled and is reachable by AllUsers.,cloud-prowler,s3_bucket_public_access,2026-09-14,2026-10-14,2026-10-03,"M1 2026-09-21 Validate finding, confirm asset owner and scope; M2 2026-10-07 Apply fix: Block public object-storage ACL and policy; M3 2026-10-14 Rescan to verify closure and attach evidence",High,,
S3 bucket default encryption is not enabled,arn:aws:s3:::demo-public-assets,high,"cpg_3_K,csf_PR_DS_01,nist80053_SC-28,nist80053_SC-13","Enable default bucket encryption with SSE-S3 or SSE-KMS. This is an encryption-at-rest finding, not a bucket-policy exposure.",,,open,DEMO: NOT A CLIENT,EGP-4EBC78720E,CLD-s3-bucket-server-side-encryption-enabled-arn-aws-s3-demo-public-assets,"SC-28, SC-13",ASFF export: encryption not enforced on demo-public-assets.,cloud-prowler,s3_bucket_server_side_encryption_enabled,2026-09-14,2026-10-14,2026-10-03,"M1 2026-09-21 Validate finding, confirm asset owner and scope; M2 2026-10-07 Apply fix: Enable S3 default encryption (SSE-S3 or SSE-KMS); M3 2026-10-14 Rescan to verify closure and attach evidence",High,,
SMB 445 exposed,dc.corp.local,high,"cpg_3_I,csf_PR_IR_01,nist80053_CM-7,nist80053_SC-7","Restrict TCP/445 (SMB) to required admin or file-share hosts. Confirm SMBv1 is disabled on the endpoint. This finding is an open-port exposure, not a dialect or CVE.",,,open,DEMO: NOT A CLIENT,EGP-18F6139776,NMAP-dc-corp-local-445-tcp,"CM-7, SC-7",dc.corp.local has open TCP/445 (microsoft-ds).,inventory-nmap (nmap),nmap-port-445/tcp,2026-09-10,2026-10-10,2026-10-03,"M1 2026-09-17 Validate finding, confirm asset owner and scope; M2 2026-10-03 Apply fix: Harden or restrict SMB file sharing; M3 2026-10-10 Rescan to verify closure and attach evidence",High,,
SMB null session allowed on DC01.CORP.LOCAL,DC01.CORP.LOCAL,high,"cpg_3_I,csf_PR_AA_05,nist80053_AC-14,nist80053_AC-3,nist80053_IA-2","Disable anonymous/null SMB sessions (RestrictNullSessAccess; no guest). This is a null-session finding, not only an open TCP/445 exposure.",,,open,DEMO: NOT A CLIENT,EGP-404EF5A7B6,ID-null-session-dc01-corp-local,"AC-14, AC-3, IA-2",DC01.CORP.LOCAL enum4linux-ng export shows an anonymous/null SMB session.,identity-ad,smb-null-session,not recorded,pending due date,2026-10-03,pending due date,High,,
SPF +all on corp.example.invalid,corp.example.invalid,high,"cpg_3_L,csf_PR_DS_02,nist80053_SI-8,nist80053_SC-8,cis_9_5","Replace SPF +all with -all (or a scoped include). This is a Seen DNS control-gap candidate, not a breach.",,,open,DEMO: NOT A CLIENT,EGP-2ED9ACA78F,DNS-corp-example-invalid-spf-pass-all,"SI-8, SC-8","corp.example.invalid publishes SPF +all (any sender passes). Control gap candidate. This is a Seen DNS/TXT observation (email_dns lane), not mailbox compromise and not a breach.",dns-email,,not recorded,pending due date,2026-10-03,pending due date,High,,
ScoutSuite s3: Bucket readable by AllUsers,demo-scout-public,high,"cpg_3_S,csf_PR_AA_05,nist80053_AC-3,nist80053_AC-6,nist80053_SC-7","Remove public ACLs and bucket policies (S3 Public Access Block; drop AllUsers/AuthenticatedUsers). This is an ACL/public-access finding, not a default-encryption change.",,,open,DEMO: NOT A CLIENT,EGP-973D7948A6,CLD-s3-bucket-allusers-read-demo-scout-public,"AC-3, AC-6, SC-7",s3 Bucket readable by AllUsers,cloud-prowler,s3-bucket-allusers-read,2026-09-22,2026-10-22,2026-10-03,"M1 2026-09-29 Validate finding, confirm asset owner and scope; M2 2026-10-15 Apply fix: Block public object-storage ACL and policy; M3 2026-10-22 Rescan to verify closure and attach evidence",High,,
Sensitive external hostname admin.example.com,admin.example.com,high,"cpg_3_S,csf_PR_IR_01,nist80053_SC-7,cis_1_1","Do not publish vpn/admin/dev hostnames on the open internet. This is a dropped EASM finding, not a live DNS/HTTP probe.",,,open,DEMO: NOT A CLIENT,EGP-5C35746A8A,EASM-admin-example-com,SC-7,admin.example.com is exposed on the public perimeter.,easm,sensitive-hostname,2026-09-08,2026-10-08,2026-10-03,"M1 2026-09-15 Validate finding, confirm asset owner and scope; M2 2026-10-01 Apply fix: Lock down sensitive perimeter hostnames; M3 2026-10-08 Rescan to verify closure and attach evidence",High,,
Sensitive external hostname dev-api.example.com,dev-api.example.com,high,"cpg_3_S,csf_PR_IR_01,nist80053_SC-7,cis_1_1","Do not publish vpn/admin/dev hostnames on the open internet. This is a dropped EASM finding, not a live DNS/HTTP probe.",,,open,DEMO: NOT A CLIENT,EGP-445A4362DA,EASM-dev-api-example-com,SC-7,dev-api.example.com is exposed on the public perimeter.,easm,sensitive-hostname,2026-09-08,2026-10-08,2026-10-03,"M1 2026-09-15 Validate finding, confirm asset owner and scope; M2 2026-10-01 Apply fix: Lock down sensitive perimeter hostnames; M3 2026-10-08 Rescan to verify closure and attach evidence",High,,
Sensitive external hostname vpn.example.com,vpn.example.com,high,"cpg_3_S,csf_PR_IR_01,nist80053_SC-7,cis_1_1","Do not publish vpn/admin/dev hostnames on the open internet. This is a dropped EASM finding, not a live DNS/HTTP probe.",,,open,DEMO: NOT A CLIENT,EGP-77D7ADC49C,EASM-vpn-example-com,SC-7,vpn.example.com is exposed on the public perimeter.,easm,sensitive-hostname,not recorded,pending due date,2026-10-03,pending due date,High,,
Stale guest account,contractor@example.com|example.okta.com,high,"cpg_3_D,csf_PR_AA_01,nist80053_AC-2","Disable or remove guest accounts with stale last-sign-in. This is an IdP file-drop assessment finding, not a Graph/Okta API call.",,,open,DEMO: NOT A CLIENT,EGP-4010401CDB,SAAS-stale-guest-contractorexample-com,AC-2,"Export lists guest contractor@example.com with a stale last-sign-in (2024-02-01T00:00:00+00:00). Review guest access hygiene. This is an identity-posture assessment finding from a dropped IdP export, not evidence of a breach or a live Graph/Okta/Google API call.",saas-idp,,not recorded,pending due date,2026-10-03,pending due date,High,,
Stale guest account,guest.ext@example.com|example.com,high,"cpg_3_D,csf_PR_AA_01,nist80053_AC-2","Disable or remove guest accounts with stale last-sign-in. This is an IdP file-drop assessment finding, not a Graph/Okta API call.",,,open,DEMO: NOT A CLIENT,EGP-249A9C4377,SAAS-stale-guest-guest-extexample-com,AC-2,"Export lists guest guest.ext@example.com with a stale last-sign-in (2024-02-01T00:00:00+00:00). Review guest access hygiene. This is an identity-posture assessment finding from a dropped IdP export, not evidence of a breach or a live Graph/Okta/Google API call.",saas-idp,,not recorded,pending due date,2026-10-03,pending due date,High,,
Stale guest account,vendor_ext#EXT#@contoso.onmicrosoft.com|contoso.onmicrosoft.com,high,"cpg_3_D,csf_PR_AA_01,nist80053_AC-2","Disable or remove guest accounts with stale last-sign-in. This is an IdP file-drop assessment finding, not a Graph/Okta API call.",,,open,DEMO: NOT A CLIENT,EGP-AF83F05236,SAAS-stale-guest-vendor-extextcontoso-onmicrosoft-com,AC-2,"Export lists guest vendor_ext#EXT#@contoso.onmicrosoft.com with a stale last-sign-in (2024-01-15T00:00:00+00:00). Review guest access hygiene. This is an identity-posture assessment finding from a dropped IdP export, not evidence of a breach or a live Graph/Okta/Google API call.",saas-idp,,not recorded,pending due date,2026-10-03,pending due date,High,,
TLS 1.0 is offered,dev-api.example.com,high,"cpg_3_K,csf_PR_DS_02,nist80053_SC-8,nist80053_SC-13","Disable TLS 1.0 and require TLS 1.2 or newer. This is a dropped TLS export, not a live probe.",,,open,DEMO: NOT A CLIENT,EGP-1216DA041C,VULN-tls1-dev-api-example-com-203-0-113-20,"SC-8, SC-13",TLS 1.0 offered,vuln-scan (testssl),TLS1,2026-09-12,2026-10-12,2026-10-03,"M1 2026-09-19 Validate finding, confirm asset owner and scope; M2 2026-10-05 Apply fix: Disable TLS 1.0; M3 2026-10-12 Rescan to verify closure and attach evidence",High,,
TLS 1.0 offered,vpn.example.com,high,"cpg_3_K,csf_PR_DS_02,nist80053_SC-8,nist80053_SC-8(1),nist80053_SC-13","Disable TLS 1.0 and require TLS 1.2 or newer. This is a dropped TLS export, not a live probe.",,,open,DEMO: NOT A CLIENT,EGP-E006BF4DC0,VULN-sslscan-tls10-vpn-example-com,"SC-8, SC-8(1), SC-13",TLS 1.0 enabled on vpn.example.com,vuln-scan (sslscan),TLS10,not recorded,pending due date,2026-10-03,pending due date,High,,
TLS stack is vulnerable to Heartbleed,dev-api.example.com,high,"cpg_2_B,csf_PR_PS_02,nist80053_SI-2,nist80053_RA-5,nist80053_SC-8","Upgrade the TLS stack so Heartbleed is not offered, then regenerate private keys and reissue certificates (CISA TA14-098A). This is a dropped TLS export, not a live probe.",,,open,DEMO: NOT A CLIENT,EGP-4D166DC411,VULN-cve-2014-0160-dev-api-example-com-203-0-113-20,"SI-2, RA-5, SC-8",Heartbleed still offered on TLS,vuln-scan (testssl),heartbleed,2026-09-12,2026-10-12,2026-10-03,"M1 2026-09-19 Validate finding, confirm asset owner and scope; M2 2026-10-05 Apply fix: Remediate Heartbleed-vulnerable TLS; M3 2026-10-12 Rescan to verify closure and attach evidence",High,,CVE-2014-0160
TruffleHog AWS,infra/terraform.tfvars,high,"cpg_3_C,csf_PR_AA_01,nist80053_IA-5,nist80053_SI-4,cis_3_3","Rotate the secret, revoke the old value, and remove it from the repo. The pack redacts secret material.",,,open,DEMO: NOT A CLIENT,EGP-47E32EF624,CODE-trufflehog-aws-infra-terraform-tfvars,"IA-5, SI-4",AWS secret in infra/terraform.tfvars value=[REDACTED] verified=False,code-secrets (trufflehog),trufflehog-aws,not recorded,pending due date,2026-10-03,pending due date,High,,
Unconstrained delegation,DC01.CORP.LOCAL,high,"cpg_3_H,csf_PR_AA_05,nist80053_AC-6,nist80053_IA-2","Disable unconstrained delegation; prefer constrained or resource-based. This is a BloodHound file-drop finding, not a live AD call.",,,open,DEMO: NOT A CLIENT,EGP-2F9B53617E,ID-unconstrained-delegation-dc01-corp-local,"AC-6, IA-2",DC01.CORP.LOCAL has unconstrained Kerberos delegation.,identity-ad,bh-unconstrained-delegation,not recorded,pending due date,2026-10-03,pending due date,High,,
Wazuh agent disconnected: db-01,db-01,high,"cpg_4_B,csf_DE_CM_01,nist80053_SI-4,cis_13_2","Reconnect the agent or enroll the host in Fleet/Wazuh. This is a coverage finding from a dropped export, not a live query.",,,open,DEMO: NOT A CLIENT,EGP-0CD518B10D,WAZ-coverage-db-01,SI-4,Endpoint db-01 is disconnected; coverage gap.,host-wazuh,wazuh-agent-disconnected,not recorded,pending due date,2026-10-03,pending due date,High,,
Wazuh agent disconnected: fleet-laptop-07,fleet-laptop-07,high,"cpg_4_B,csf_DE_CM_01,nist80053_SI-4,cis_13_2","Reconnect the agent or enroll the host in Fleet/Wazuh. This is a coverage finding from a dropped export, not a live query.",,,open,DEMO: NOT A CLIENT,EGP-E6A90AAF66,WAZ-coverage-fleet-laptop-07,SI-4,Endpoint fleet-laptop-07 is disconnected; coverage gap.,host-wazuh,wazuh-agent-disconnected,not recorded,pending due date,2026-10-03,pending due date,High,,
Wazuh agent disconnected: jump-unmanaged,jump-unmanaged,high,"cpg_4_B,csf_DE_CM_01,nist80053_SI-4,cis_13_2","Reconnect the agent or enroll the host in Fleet/Wazuh. This is a coverage finding from a dropped export, not a live query.",,,open,DEMO: NOT A CLIENT,EGP-B867338F75,WAZ-coverage-jump-unmanaged,SI-4,Endpoint jump-unmanaged is never_connected; coverage gap.,host-wazuh,wazuh-agent-disconnected,not recorded,pending due date,2026-10-03,pending due date,High,,
WhatWeb admin interface on admin.example.com,admin.example.com,high,"cpg_3_S,csf_PR_IR_01,nist80053_AC-17,nist80053_SC-7","Move the admin UI off the public perimeter or put it behind SSO/VPN. This is a dropped httpx/EASM finding, not a live HTTP probe.",,,open,DEMO: NOT A CLIENT,EGP-E94D21F9AB,EASM-admin-example-com-whatweb-admin,"AC-17, SC-7","admin.example.com presents an admin/login interface (title=Admin Login). This is a dropped WhatWeb export, not a live HTTP probe.",easm,whatweb-admin,not recorded,pending due date,2026-10-03,pending due date,High,,
Writable SMB share C$ on filesrv.corp.local,filesrv.corp.local,high,"cpg_3_I,csf_PR_AA_05,nist80053_AC-3,nist80053_AC-6,nist80053_CM-7","Disable or ACL C$/ADMIN$/IPC$ so they are not reachable off the admin network. Restrict TCP/445 (SMB) to the admin network. Confirm SMBv1 is disabled. This is a share-exposure finding, not a dialect or CVE.",,,open,DEMO: NOT A CLIENT,EGP-38702B2F4D,NMAP-filesrv-corp-local-share-c,"AC-3, AC-6, CM-7","filesrv.corp.local smbmap export shows C$ as READ, WRITE.","inventory-nmap (nmap, inventory)",smb-share-C$,not recorded,pending due date,2026-10-03,pending due date,High,,
curl SOCKS heap overflow,app-server:latest,high,"cpg_2_B,csf_PR_PS_02,nist80053_SI-2,nist80053_RA-5,cis_7_3,cis_7_4,cis_7_7",Upgrade curl/libcurl to 8.4.0 or later so CVE-2023-38545 (SOCKS5 heap buffer overflow) is not present.,,,open,DEMO: NOT A CLIENT,EGP-6FE30228A9,VULN-cve-2023-38545-app-server-latest,"SI-2, RA-5",Heap buffer overflow in curl SOCKS handshake.,vuln-scan (trivy),,2026-09-12,2026-10-12,2026-10-03,"M1 2026-09-19 Validate finding, confirm asset owner and scope; M2 2026-10-05 Apply fix: Patch curl SOCKS heap overflow; M3 2026-10-12 Rescan to verify closure and attach evidence",High,,CVE-2023-38545
intune encryption compliance 33.3%,intune-estate,high,"cpg_3_K,csf_PR_DS_01,nist80053_SC-28,nist80053_MP-5","Enable FileVault, BitLocker, or LUKS on the endpoint. This is a Fleet/Intune/Jamf file-drop finding, not a live agent query.",,,open,DEMO: NOT A CLIENT,EGP-C07EF796F5,WAZ-enc-compliance-intune,"SC-28, MP-5","Export shows 1/3 measured devices encrypted (33.3% compliance). This is an endpoint-posture assessment finding from a dropped MDM export, not evidence of a breach or a live Intune/Jamf/osquery query.",host-wazuh,enc-compliance-intune,not recorded,pending due date,2026-10-03,pending due date,High,,
jamf encryption compliance 50.0%,jamf-estate,high,"cpg_3_K,csf_PR_DS_01,nist80053_SC-28,nist80053_MP-5","Enable FileVault, BitLocker, or LUKS on the endpoint. This is a Fleet/Intune/Jamf file-drop finding, not a live agent query.",,,open,DEMO: NOT A CLIENT,EGP-C0595DF5F2,WAZ-enc-compliance-jamf,"SC-28, MP-5","Export shows 1/2 measured devices encrypted (50.0% compliance). This is an endpoint-posture assessment finding from a dropped MDM export, not evidence of a breach or a live Intune/Jamf/osquery query.",host-wazuh,enc-compliance-jamf,not recorded,pending due date,2026-10-03,pending due date,High,,
osquery disk_encryption: Disk encryption is disabled,jump-unmanaged,high,"cpg_3_K,csf_PR_DS_01,nist80053_SC-28,nist80053_MP-5","Enable FileVault, BitLocker, or LUKS on the endpoint. This is a Fleet/Intune/Jamf file-drop finding, not a live agent query.",,,open,DEMO: NOT A CLIENT,EGP-779757A7FF,WAZ-osquery-disk-encryption-jump-unmanaged,"SC-28, MP-5",Disk encryption is disabled,host-wazuh,disk_encryption,not recorded,pending due date,2026-10-03,pending due date,High,,
semver regular expression DoS,package-lock.json,high,"cpg_2_B,csf_PR_PS_02,nist80053_SI-2,nist80053_RA-5,cis_7_3,cis_7_4,cis_7_7","Upgrade semver to a release that remediates CVE-2022-25883. This is a vulnerability finding, not a config-drift playbook.",,,open,DEMO: NOT A CLIENT,EGP-05BE5CCE95,CODE-cve-2022-25883-package-lock-json,"SI-2, RA-5",ReDoS in npm semver.,code-secrets (trivy),,not recorded,pending due date,2026-10-03,pending due date,High,,CVE-2022-25883
Administrative share exposed on dc.corp.local (C$/ADMIN$),dc.corp.local,medium,"cpg_3_I,csf_PR_AA_05,nist80053_AC-3,nist80053_AC-6,nist80053_CM-7","Disable or ACL C$/ADMIN$/IPC$ so they are not reachable off the admin network. Restrict TCP/445 (SMB) to the admin network. Confirm SMBv1 is disabled. This is a share-exposure finding, not a dialect or CVE.",,,open,DEMO: NOT A CLIENT,EGP-D43775CB27,NMAP-dc-corp-local-admin-share,"AC-3, AC-6, CM-7",dc.corp.local has SMB open; C$/ADMIN$ administrative shares should be restricted.,inventory-nmap (nmap),,2026-09-10,2026-12-09,2026-10-03,"M1 2026-09-24 Validate finding, confirm asset owner and scope; M2 2026-12-02 Apply fix: Restrict Windows admin shares; M3 2026-12-09 Rescan to verify closure and attach evidence",Moderate,,
Administrative share exposed on filesrv.corp.local (C$/ADMIN$),filesrv.corp.local,medium,"cpg_3_I,csf_PR_AA_05,nist80053_AC-3,nist80053_AC-6,nist80053_CM-7","Disable or ACL C$/ADMIN$/IPC$ so they are not reachable off the admin network. Restrict TCP/445 (SMB) to the admin network. Confirm SMBv1 is disabled. This is a share-exposure finding, not a dialect or CVE.",,,open,DEMO: NOT A CLIENT,EGP-0361A3226F,NMAP-filesrv-corp-local-admin-share,"AC-3, AC-6, CM-7",filesrv.corp.local has SMB open; C$/ADMIN$ administrative shares should be restricted.,inventory-nmap (nmap),,not recorded,pending due date,2026-10-03,pending due date,Moderate,,
DKIM selector selector1 missing on mail.example.invalid,mail.example.invalid,medium,"cpg_3_L,csf_PR_DS_02,nist80053_SI-8,nist80053_SC-8,cis_9_5","Publish v=DKIM1 at <selector>._domainkey for in-SCOPE domains. This is a Seen DNS control-gap candidate, not a breach.",,,open,DEMO: NOT A CLIENT,EGP-65380FA86F,DNS-mail-example-invalid-dkim-missing-selector1,"SI-8, SC-8","mail.example.invalid has no published DKIM TXT at selector1._domainkey. Control gap candidate. This is a Seen DNS/TXT observation (email_dns lane), not mailbox compromise and not a breach.",dns-email,,not recorded,pending due date,2026-10-03,pending due date,Moderate,,
DMARC missing on mail.example.invalid,mail.example.invalid,medium,"cpg_3_L,csf_PR_DS_02,nist80053_SI-8,nist80053_SC-8,cis_9_5","Publish a _dmarc TXT record (start at p=none, move to quarantine/reject). This is a Seen DNS control-gap candidate, not mailbox compromise and not a breach.",,,open,DEMO: NOT A CLIENT,EGP-6F936711D9,DNS-mail-example-invalid-dmarc-missing,"SI-8, SC-8","mail.example.invalid has no published _dmarc TXT policy. Control gap candidate. This is a Seen DNS/TXT observation (email_dns lane), not mailbox compromise and not a breach.",dns-email,,not recorded,pending due date,2026-10-03,pending due date,Moderate,,
EBS default encryption enabled,vol-jump,medium,"cpg_3_K,csf_PR_DS_01,nist80053_SC-28,nist80053_SC-13","Enable EBS default encryption and encrypt the volume (or a snapshot copy). This is block-storage encryption, not an object-store policy change.",,,open,DEMO: NOT A CLIENT,EGP-06AA325F5E,CLD-ec2-ebs-default-encryption-123456789012-vol-jump,"SC-28, SC-13",EBS volume unencrypted.,cloud-prowler,ec2_ebs_default_encryption,2026-09-14,2026-12-13,2026-10-03,"M1 2026-09-28 Validate finding, confirm asset owner and scope; M2 2026-12-06 Apply fix: Enable EBS volume encryption; M3 2026-12-13 Rescan to verify closure and attach evidence",Moderate,,
Expired certificate on mail.example.invalid,mail.example.invalid,medium,"cpg_3_K,csf_PR_DS_02,nist80053_SC-8,nist80053_SC-8(1),nist80053_SC-13,nist80053_SC-17","Require TLS 1.2 or newer, disable weak ciphers, and use a valid certificate. This is a posture finding, not a specific TLS CVE.",,,open,DEMO: NOT A CLIENT,EGP-55CA11BC46,DNS-mail-example-invalid-cert-expired,"SC-8, SC-8(1), SC-13, SC-17","mail.example.invalid presents an expired certificate in a dropped PEM/crt.sh snapshot (Seen, not a live TLS probe). This is a Seen DNS/TXT observation (email_dns lane), not mailbox compromise and not a breach.",dns-email,,not recorded,pending due date,2026-10-03,pending due date,Moderate,,
Expired certificate on vpn.example.invalid,vpn.example.invalid,medium,"cpg_3_K,csf_PR_DS_02,nist80053_SC-8,nist80053_SC-8(1),nist80053_SC-13,nist80053_SC-17","Require TLS 1.2 or newer, disable weak ciphers, and use a valid certificate. This is a posture finding, not a specific TLS CVE.",,,open,DEMO: NOT A CLIENT,EGP-D3A958743B,DNS-vpn-example-invalid-cert-expired,"SC-8, SC-8(1), SC-13, SC-17","vpn.example.invalid presents an expired certificate in a dropped PEM/crt.sh snapshot (Seen, not a live TLS probe). This is a Seen DNS/TXT observation (email_dns lane), not mailbox compromise and not a breach.",dns-email,,not recorded,pending due date,2026-10-03,pending due date,Moderate,,
Exposed admin panel,http://10.0.0.20,medium,"cpg_3_I,csf_PR_IR_01,nist80053_AC-17,nist80053_SC-7","Move the admin UI off the public perimeter or put it behind SSO/VPN. This is a dropped httpx/EASM finding, not a live HTTP probe.",,,open,DEMO: NOT A CLIENT,EGP-CB0C07B186,VULN-exposed-panel-http-10-0-0-20,"AC-17, SC-7",Unauthenticated admin UI,vuln-scan (nuclei),exposed-panel,2026-09-11,2026-12-10,2026-10-03,"M1 2026-09-25 Validate finding, confirm asset owner and scope; M2 2026-12-03 Apply fix: Restrict exposed admin interfaces; M3 2026-12-10 Rescan to verify closure and attach evidence",Moderate,,
External sharing is not restricted,contoso.onmicrosoft.com,medium,"cpg_3_I,csf_PR_AA_05,nist80053_AC-3,nist80053_AC-6","Disable Anyone links and restrict external sharing to approved domains. This is a dropped Scuba/SharePoint export finding, not a live API call.",,,open,DEMO: NOT A CLIENT,EGP-BF0609A3D0,SAAS-external-sharing-restricted-contoso-onmicrosoft-com,"AC-3, AC-6",Anyone links enabled on default site,saas-idp (scuba),External sharing restricted,2026-09-16,2026-12-15,2026-10-03,"M1 2026-09-30 Validate finding, confirm asset owner and scope; M2 2026-12-08 Apply fix: Restrict external sharing; M3 2026-12-15 Rescan to verify closure and attach evidence",Moderate,,
High-value identity,DOMAIN ADMINS@CORP.LOCAL,medium,"cpg_3_H,csf_PR_AA_05,nist80053_AC-2,nist80053_AC-6","Remove standing Domain Admins members. This is a dropped identity export, not a live directory call.",,,open,DEMO: NOT A CLIENT,EGP-667BD345E8,ID-high-value-identity-domain-adminscorp-local,"AC-2, AC-6",DOMAIN ADMINS@CORP.LOCAL is marked high-value.,identity-ad,bh-high-value,not recorded,pending due date,2026-10-03,pending due date,Moderate,,
RDP exposed,dc.corp.local,medium,"cpg_3_I,csf_PR_IR_01,nist80053_AC-17,nist80053_SC-7","Restrict TCP/3389 (RDP) to VPN/jump hosts. Require NLA. This is an exposure finding, not a specific RDP CVE.",,,open,DEMO: NOT A CLIENT,EGP-3D3C6C703A,NMAP-dc-corp-local-3389-tcp,"AC-17, SC-7",dc.corp.local has open TCP/3389 (ms-wbt-server).,inventory-nmap (nmap),nmap-port-3389/tcp,2026-09-10,2026-12-09,2026-10-03,"M1 2026-09-24 Validate finding, confirm asset owner and scope; M2 2026-12-02 Apply fix: Restrict RDP to approved paths; M3 2026-12-09 Rescan to verify closure and attach evidence",Moderate,,
RDP exposed,filesrv.corp.local,medium,"cpg_3_I,csf_PR_IR_01,nist80053_AC-17,nist80053_SC-7","Restrict TCP/3389 (RDP) to VPN/jump hosts. Require NLA. This is an exposure finding, not a specific RDP CVE.",,,open,DEMO: NOT A CLIENT,EGP-01A7E0C096,NMAP-filesrv-corp-local-3389-tcp,"AC-17, SC-7",filesrv.corp.local has open TCP/3389 (tcp).,inventory-nmap (nmap),nmap-port-3389/tcp,2026-09-10,2026-12-09,2026-10-03,"M1 2026-09-24 Validate finding, confirm asset owner and scope; M2 2026-12-02 Apply fix: Restrict RDP to approved paths; M3 2026-12-09 Rescan to verify closure and attach evidence",Moderate,,
Sensitive external hostname staging.example.com,staging.example.com,medium,"cpg_3_S,csf_PR_IR_01,nist80053_SC-7,cis_1_1","Do not publish vpn/admin/dev hostnames on the open internet. This is a dropped EASM finding, not a live DNS/HTTP probe.",,,open,DEMO: NOT A CLIENT,EGP-8A3AE2E3B4,EASM-staging-example-com,SC-7,staging.example.com is exposed on the public perimeter.,easm,sensitive-hostname,2026-09-08,2026-12-07,2026-10-03,"M1 2026-09-22 Validate finding, confirm asset owner and scope; M2 2026-11-30 Apply fix: Lock down sensitive perimeter hostnames; M3 2026-12-07 Rescan to verify closure and attach evidence",Moderate,,
TLS weak cipher: vpn.example.com,vpn.example.com,medium,"cpg_3_K,csf_PR_DS_02,nist80053_SC-8,nist80053_SC-8(1),nist80053_SC-13","Require TLS 1.2 or newer, disable weak ciphers, and use a valid certificate. This is a posture finding, not a specific TLS CVE.",,,open,DEMO: NOT A CLIENT,EGP-5422E0C6EF,EASM-vpn-example-com-tls-weak,"SC-8, SC-8(1), SC-13",vpn.example.com presents a weak TLS cipher posture (not a specific CVE).,easm,tls-weak-cipher,2026-09-08,2026-12-07,2026-10-03,"M1 2026-09-22 Validate finding, confirm asset owner and scope; M2 2026-11-30 Apply fix: Harden TLS on the exposed service; M3 2026-12-07 Rescan to verify closure and attach evidence",Moderate,,
Write below binary dir,prod-cluster|payments-worker,medium,"cpg_4_A,csf_DE_CM_09,nist80053_SI-7,nist80053_CM-6,nist80053_AC-3","Set readOnlyRootFilesystem and drop root so the workload cannot write under binary dirs. This is a Falco file-drop signal, not a live kubectl call.",,,open,DEMO: NOT A CLIENT,EGP-394AAC793B,K8S-write-below-binary-dir-prod-cluster,"SI-7, CM-6, AC-3",File below a known binary directory opened for writing (user=root pod=payments-worker),"k8s-kubescape (kubescape, falco)",Write below binary dir,2026-09-18,2026-12-17,2026-10-03,"M1 2026-10-02 Validate finding, confirm asset owner and scope; M2 2026-12-10 Apply fix: Stop writes under container binary directories; M3 2026-12-17 Rescan to verify closure and attach evidence",Moderate,,
postcss line return parsing,package-lock.json,medium,"cpg_2_B,csf_PR_PS_02,nist80053_SI-2,nist80053_RA-5,cis_7_3,cis_7_4,cis_7_7","Upgrade postcss to a release that remediates CVE-2023-44270. This is a vulnerability finding, not a config-drift playbook.",,,open,DEMO: NOT A CLIENT,EGP-D100D44047,CODE-cve-2023-44270-package-lock-json,"SI-2, RA-5",Affected lockfile dependency.,code-secrets (trivy),,not recorded,pending due date,2026-10-03,pending due date,Moderate,,CVE-2023-44270
DMARC p=none on corp.example.invalid,corp.example.invalid,low,"cpg_3_L,csf_PR_DS_02,nist80053_SI-8,nist80053_SC-8,cis_9_5","Move DMARC from p=none to quarantine or reject after reviewing aggregate reports. A TXT record is Seen, not Shown mailbox protection.",,,open,DEMO: NOT A CLIENT,EGP-AEAAADBC1F,DNS-corp-example-invalid-dmarc-monitor-only,"SI-8, SC-8","corp.example.invalid publishes DMARC p=none (monitor only). Control gap candidate. This is a Seen DNS/TXT observation (email_dns lane), not mailbox compromise and not a breach.",dns-email,,not recorded,pending due date,2026-10-03,pending due date,Low,,
HTTP exposed,legacy-ftp.corp.local,low,"cpg_3_I,csf_PR_IR_01,nist80053_CM-7,nist80053_SC-7",Limit the exposed service on legacy-ftp.corp.local to required networks. Confirm the listener is still needed.,,,open,DEMO: NOT A CLIENT,EGP-3CACDC27B2,NMAP-legacy-ftp-corp-local-80-tcp,"CM-7, SC-7",legacy-ftp.corp.local has open TCP/80 (http).,inventory-nmap (nmap),nmap-port-80/tcp,2026-09-10,2027-03-09,2026-10-03,"M1 2026-10-10 Validate finding, confirm asset owner and scope; M2 2027-03-02 Apply fix: Reduce unnecessary network exposure (HTTP exposed); M3 2027-03-09 Rescan to verify closure and attach evidence",Low,,
HTTP exposed,web-01.corp.local,low,"cpg_3_I,csf_PR_IR_01,nist80053_CM-7,nist80053_SC-7",Limit the exposed service on web-01.corp.local to required networks. Confirm the listener is still needed.,,,open,DEMO: NOT A CLIENT,EGP-AB1B4DF038,NMAP-web-01-corp-local-80-tcp,"CM-7, SC-7",web-01.corp.local has open TCP/80 (http).,inventory-nmap (nmap),nmap-port-80/tcp,2026-09-10,2027-03-09,2026-10-03,"M1 2026-10-10 Validate finding, confirm asset owner and scope; M2 2027-03-02 Apply fix: Reduce unnecessary network exposure (HTTP exposed); M3 2027-03-09 Rescan to verify closure and attach evidence",Low,,
Open port 135/msrpc,dc.corp.local,low,"cpg_3_I,csf_PR_IR_01,nist80053_CM-7,nist80053_SC-7",Limit the exposed service on dc.corp.local to required networks. Confirm the listener is still needed.,,,open,DEMO: NOT A CLIENT,EGP-C84FA935DD,NMAP-dc-corp-local-135-tcp,"CM-7, SC-7",dc.corp.local has open TCP/135 (msrpc).,inventory-nmap (nmap),nmap-port-135/tcp,2026-09-10,2027-03-09,2026-10-03,"M1 2026-10-10 Validate finding, confirm asset owner and scope; M2 2027-03-02 Apply fix: Reduce unnecessary network exposure (Open port 135/msrpc); M3 2027-03-09 Rescan to verify closure and attach evidence",Low,,
Open port 139/netbios-ssn,filesrv.corp.local,low,"cpg_3_I,csf_PR_IR_01,nist80053_CM-7,nist80053_SC-7",Limit the exposed service on filesrv.corp.local to required networks. Confirm the listener is still needed.,,,open,DEMO: NOT A CLIENT,EGP-C26D472FE3,NMAP-filesrv-corp-local-139-tcp,"CM-7, SC-7",filesrv.corp.local has open TCP/139 (netbios-ssn).,inventory-nmap (nmap),nmap-port-139/tcp,2026-09-10,2027-03-09,2026-10-03,"M1 2026-10-10 Validate finding, confirm asset owner and scope; M2 2027-03-02 Apply fix: Reduce unnecessary network exposure (Open port 139/netbios-ssn); M3 2027-03-09 Rescan to verify closure and attach evidence",Low,,
Open port 389/ldap,dc.corp.local,low,"cpg_3_I,csf_PR_IR_01,nist80053_CM-7,nist80053_SC-7",Limit the exposed service on dc.corp.local to required networks. Confirm the listener is still needed.,,,open,DEMO: NOT A CLIENT,EGP-470D8E6BC5,NMAP-dc-corp-local-389-tcp,"CM-7, SC-7",dc.corp.local has open TCP/389 (ldap).,inventory-nmap (nmap),nmap-port-389/tcp,2026-09-10,2027-03-09,2026-10-03,"M1 2026-10-10 Validate finding, confirm asset owner and scope; M2 2027-03-02 Apply fix: Reduce unnecessary network exposure (Open port 389/ldap); M3 2027-03-09 Rescan to verify closure and attach evidence",Low,,
Open port 88/kerberos-sec,dc.corp.local,low,"cpg_3_I,csf_PR_IR_01,nist80053_CM-7,nist80053_SC-7",Limit the exposed service on dc.corp.local to required networks. Confirm the listener is still needed.,,,open,DEMO: NOT A CLIENT,EGP-591DBD3BA9,NMAP-dc-corp-local-88-tcp,"CM-7, SC-7",dc.corp.local has open TCP/88 (kerberos-sec).,inventory-nmap (nmap),nmap-port-88/tcp,2026-09-10,2027-03-09,2026-10-03,"M1 2026-10-10 Validate finding, confirm asset owner and scope; M2 2027-03-02 Apply fix: Reduce unnecessary network exposure (Open port 88/kerberos-sec); M3 2027-03-09 Rescan to verify closure and attach evidence",Low,,
SPF softfail-only on mail.example.invalid,mail.example.invalid,low,"cpg_3_L,csf_PR_DS_02,nist80053_SI-8,nist80053_SC-8,cis_9_5","Move SPF from ~all to -all once senders are inventoried. Softfail-only is a hygiene gap, not a breach.",,,open,DEMO: NOT A CLIENT,EGP-27458F6B45,DNS-mail-example-invalid-spf-softfail-only,"SI-8, SC-8","mail.example.invalid publishes SPF ~all only. Control gap candidate, not a breach. This is a Seen DNS/TXT observation (email_dns lane), not mailbox compromise and not a breach.",dns-email,,not recorded,pending due date,2026-10-03,pending due date,Low,,
SSH exposed,10.0.0.40,low,"cpg_3_I,csf_PR_IR_01,nist80053_CM-7,nist80053_SC-7",Limit the exposed service on 10.0.0.40 to required networks. Confirm the listener is still needed.,,,open,DEMO: NOT A CLIENT,EGP-7726E46AF1,NMAP-10-0-0-40-22-tcp,"CM-7, SC-7",10.0.0.40 has open TCP/22 (ssh).,inventory-nmap (nmap),nmap-port-22/tcp,2026-09-10,2027-03-09,2026-10-03,"M1 2026-10-10 Validate finding, confirm asset owner and scope; M2 2027-03-02 Apply fix: Reduce unnecessary network exposure (SSH exposed); M3 2027-03-09 Rescan to verify closure and attach evidence",Low,,
